SohasDesignation,Asteroid,AutoDetected,Confirmed,ConfirmedAt,ConfirmedBy,Comment
OG20993,,,1,2020-12-14 16:46:22,Michal Biesiada,
OG20992,,,1,2020-12-14 16:31:20,Michal Biesiada,
OG20991,,,1,2020-12-14 16:24:02,Michal Biesiada,
OG20979,,,1,2020-12-13 18:35:47,Michal Biesiada,
OG20978,,,1,2020-12-13 18:35:21,Michal Biesiada,
OG20977,,,1,2020-12-13 18:19:36,Michal Biesiada,
OG20976,,,1,2020-12-13 17:13:16,Michal Biesiada,
OG20975,,,1,2020-12-13 17:00:27,Michal Biesiada,
OG20974,,,1,2020-12-13 16:33:49,Michal Biesiada,
OG20973,,,1,2020-12-13 16:30:14,Michal Biesiada,
OG20971,,,1,2020-12-13 15:49:07,Michal Biesiada,
OG20969,,,1,2020-12-13 15:39:05,Michal Biesiada,
OG20968,,,1,2020-12-13 15:35:33,Michal Biesiada,
OG20967,,,1,2020-12-13 15:34:05,Michal Biesiada,
OG20966,,,1,2020-12-13 15:31:47,Michal Biesiada,
OG20964,,,1,2020-12-13 15:27:38,Michal Biesiada,
OG20963,,,1,2020-12-13 15:23:59,Michal Biesiada,
OG20913,,,1,2020-11-20 17:44:25,Michal Biesiada,
OG20910,,,1,2020-11-20 16:46:40,Michal Biesiada,
OG20909,,,1,2020-11-20 16:38:54,Michal Biesiada,
OG20908,,,1,2020-11-20 16:31:28,Michal Biesiada,
OG20906,,,1,2020-11-20 16:26:54,Michal Biesiada,
OG20905,,,1,2020-11-20 16:24:22,Michal Biesiada,
OG20904,,,1,2020-11-20 16:10:52,Michal Biesiada,
OG20903,,,1,2020-11-20 16:07:07,Michal Biesiada,
OG20902,,,1,2020-11-20 16:05:16,Michal Biesiada,
OG20901,,,1,2020-11-20 16:04:53,Michal Biesiada,
OG20900,,,1,2020-11-20 16:04:04,Michal Biesiada,
OG20899,,,1,2020-11-20 16:00:43,Michal Biesiada,
OG20898,,,1,2020-11-20 15:52:59,Michal Biesiada,
OG20897,,,1,2020-11-20 15:48:48,Michal Biesiada,
OG20863,,,1,2020-11-19 18:48:00,Michal Biesiada,
OG20862,,,1,2020-11-19 18:41:24,Michal Biesiada,
OG20861,,,1,2020-11-19 18:38:23,Michal Biesiada,
OG20860,,,1,2020-11-19 18:21:56,Michal Biesiada,
OG20859,,,1,2020-11-19 18:18:51,Michal Biesiada,
OG20858,,,1,2020-11-19 18:18:15,Michal Biesiada,
OG20857,,,1,2020-11-19 18:15:29,Michal Biesiada,
OG20856,,,1,2020-11-19 18:09:03,Michal Biesiada,
OG20855,,,1,2020-11-19 18:04:42,Michal Biesiada,
OG20853,,,1,2020-11-19 17:50:36,Michal Biesiada,
OG20852,,,1,2020-11-19 17:47:22,Michal Biesiada,
OG20851,,,1,2020-11-19 17:40:54,Michal Biesiada,
OG20850,,,1,2020-11-19 17:30:55,Michal Biesiada,
OG20849,,,1,2020-11-19 17:20:42,Michal Biesiada,
OG20848,,,1,2020-11-19 17:12:14,Michal Biesiada,
OG20847,,,1,2020-11-19 17:11:51,Michal Biesiada,
OG20846,,,1,2020-11-19 16:53:38,Michal Biesiada,
OG20738,,,1,2020-09-22 23:45:54,Michal Biesiada,
OG20737,,,1,2020-09-22 23:36:08,Michal Biesiada,
OG20736,,,1,2020-09-22 23:29:44,Michal Biesiada,
OG20726,,,1,2020-09-21 20:41:17,Michal Biesiada,
OG20725,,,1,2020-09-21 20:40:24,Michal Biesiada,
OG20724,,,1,2020-09-21 20:38:41,Michal Biesiada,
OG20723,,,1,2020-09-21 20:16:19,Michal Biesiada,
OG20722,,,1,2020-09-21 19:41:48,Michal Biesiada,
OG20721,,,1,2020-09-21 19:29:14,Michal Biesiada,
OG20712,,,1,2020-09-20 20:25:33,Michal Biesiada,
OG20711,,,1,2020-09-20 20:19:02,Michal Biesiada,
OG20710,,,1,2020-09-20 20:07:27,Michal Biesiada,
OG20709,,,1,2020-09-20 20:06:18,Michal Biesiada,
OG20708,,,1,2020-09-20 19:56:20,Michal Biesiada,
OG20707,,,1,2020-09-20 19:47:49,Michal Biesiada,
OG20706,,,1,2020-09-20 19:37:09,Michal Biesiada,
OG20689,,,1,2020-09-19 15:52:32,Michal Biesiada,
OG20688,,,1,2020-09-19 15:51:49,Michal Biesiada,
OG20687,,,1,2020-09-19 15:45:50,Michal Biesiada,
OG20686,,,1,2020-09-19 15:45:28,Michal Biesiada,
OG20685,,,1,2020-09-19 15:45:03,Michal Biesiada,
OG20684,,,1,2020-09-19 15:43:56,Michal Biesiada,
OG20683,,,1,2020-09-19 15:37:33,Michal Biesiada,
OG20682,,,1,2020-09-19 15:34:50,Michal Biesiada,
OG20681,,,1,2020-09-19 15:30:50,Michal Biesiada,
OG20633,,,1,2020-08-18 13:18:08,Michal Biesiada,was TK8H484
OG20620,,,1,2020-08-19 17:04:00,Michal Biesiada,
OG20618,,,1,2020-08-19 17:01:11,Michal Biesiada,
OG20617,,,1,2020-08-19 17:00:22,Michal Biesiada,
OG20616,,,1,2020-08-19 16:56:26,Michal Biesiada,
OG20615,,,1,2020-08-19 16:43:19,Michal Biesiada,
OG20614,,,1,2020-08-19 16:42:07,Michal Biesiada,
OG20612,,,1,2020-08-19 14:35:10,Michal Biesiada,
OG20611,,,1,2020-08-19 14:18:33,Michal Biesiada,
OG20588,,,1,2020-08-18 13:56:09,Michal Biesiada,
OG20587,,,1,2020-08-18 13:51:49,Michal Biesiada,
OG20586,,,1,2020-08-18 13:51:15,Michal Biesiada,
OG20585,,,1,2020-08-18 13:48:44,Michal Biesiada,
OG20584,,,1,2020-08-18 13:47:51,Michal Biesiada,
OG20581,,,1,2020-08-18 13:33:53,Michal Biesiada,
OG20580,,,1,2020-08-18 13:33:19,Michal Biesiada,
OG20579,,,1,2020-08-18 13:31:53,Michal Biesiada,
OG20577,,,1,2020-08-18 13:29:31,Michal Biesiada,
OG20576,,,1,2020-08-18 13:22:26,Michal Biesiada,
OG20575,,,1,2020-08-18 13:15:06,Michal Biesiada,
OG20574,,,1,2020-08-18 13:07:50,Michal Biesiada,
OG20553,,,1,2020-08-17 13:49:50,Michal Biesiada,
OG20552,,,1,2020-08-17 13:48:36,Michal Biesiada,
OG20551,,,1,2020-08-17 13:40:28,Michal Biesiada,
OG20550,,,1,2020-08-17 13:36:04,Michal Biesiada,
OG20549,,,1,2020-08-17 13:35:18,Michal Biesiada,
OG20548,,,1,2020-08-17 13:32:48,Michal Biesiada,
OG20547,,,1,2020-08-17 13:17:16,Michal Biesiada,
OG20546,,,1,2020-08-17 13:12:01,Michal Biesiada,
OG20517,,,1,2020-07-24 15:40:11,Michal Biesiada,
OG20516,,,1,2020-07-24 14:08:22,Michal Biesiada,
OG20515,,,1,2020-07-24 14:06:55,Michal Biesiada,
OG20514,,,1,2020-07-24 14:02:10,Michal Biesiada,
OG20513,,,1,2020-07-24 13:41:40,Michal Biesiada,
OG20512,,,1,2020-07-24 13:39:42,Michal Biesiada,
OG20497,,,1,2020-07-23 13:13:02,Michal Biesiada,
OG20496,,,1,2020-07-23 13:02:04,Michal Biesiada,
OG20495,,,1,2020-07-23 12:42:04,Michal Biesiada,
OG20487,,,1,2020-07-22 12:41:41,Michal Biesiada,
OG20486,,,1,2020-07-22 12:36:42,Michal Biesiada,
OG20485,,,1,2020-07-22 12:14:21,Michal Biesiada,
OG20484,,,1,2020-07-22 12:06:17,Michal Biesiada,
OG20483,,,1,2020-07-22 12:00:10,Michal Biesiada,
OG20477,,,1,2020-07-21 17:27:00,Michal Biesiada,
OG20464,,,1,2020-06-22 18:02:46,Michal Biesiada,
OG20463,,,1,2020-06-22 17:37:19,Michal Biesiada,
OG20462,,,1,2020-06-22 17:13:39,Michal Biesiada,
OG20461,,,1,2020-06-22 17:00:07,Michal Biesiada,
OG20455,,,1,2020-06-21 23:56:57,Michal Biesiada,
OG20454,,,1,2020-06-19 20:41:30,Michal Biesiada,
OG20452,,,1,2020-06-21 14:20:04,Michal Biesiada,
OG20372,,,1,2020-03-31 10:16:06,Michal Biesiada,
OG20371,,,1,2020-03-31 09:43:07,Michal Biesiada,
OG20370,,,1,2020-03-31 02:49:57,Michal Biesiada,
OG20242,,,1,2020-01-24 22:01:14,Michal Biesiada,
OG20123,,,1,2019-12-24 01:40:34,Michal Biesiada,
OG20005,,,1,2019-11-27 22:55:53,Michal Biesiada,
OG19858,,,1,2019-10-30 08:12:38,Michal Biesiada,
OG19816,,,1,2019-10-01 10:21:45,Michal Biesiada,
OG19815,,,1,2019-09-30 23:15:29,Michal Biesiada,
OG19781,,,1,2019-09-27 16:45:01,Michal Biesiada,
OG19780,,,1,2019-09-27 16:36:49,Michal Biesiada,
OG19779,,,1,2019-09-27 16:22:43,Michal Biesiada,
OG19705,,,1,2019-09-19 23:35:24,Michal Biesiada,
OG19704,,,1,2019-09-19 23:34:48,Michal Biesiada,
OG19375,,,1,2019-08-01 23:16:28,Michal Biesiada,
OG19374,,,1,2019-08-01 23:00:28,Michal Biesiada,
OG19373,,,1,2019-08-01 23:00:08,Michal Biesiada,
OG19372,,,1,2019-08-01 22:55:56,Michal Biesiada,
OG19371,,,1,2019-08-01 22:55:01,Michal Biesiada,
OG19370,,,1,2019-08-01 22:47:34,Michal Biesiada,
OG19369,,,1,2019-08-01 22:43:03,Michal Biesiada,
OG19368,,,1,2019-08-01 22:41:33,Michal Biesiada,
OG19367,,,1,2019-08-01 22:33:04,Michal Biesiada,
OG19366,,,1,2019-08-01 22:23:25,Michal Biesiada,
OG19365,,,1,2019-08-01 22:14:30,Michal Biesiada,
OG19364,,,1,2019-08-01 22:12:20,Michal Biesiada,
OG19363,,,1,2019-08-01 22:11:41,Michal Biesiada,
OG19362,,,1,2019-08-01 22:11:16,Michal Biesiada,
OG19361,,,1,2019-08-01 22:10:21,Michal Biesiada,
OG19360,,,1,2019-08-01 22:09:54,Michal Biesiada,
OG19359,,,1,2019-08-01 22:02:19,Michal Biesiada,
OG19358,,,1,2019-08-01 22:01:53,Michal Biesiada,
OG19356,,,1,2019-08-01 21:57:44,Michal Biesiada,
OG19299,,,1,2019-07-31 22:12:56,Michal Biesiada,
OG19298,,,1,2019-07-31 22:00:08,Michal Biesiada,
OG19297,,,1,2019-07-31 21:55:25,Michal Biesiada,
OG19296,,,1,2019-07-31 21:47:28,Michal Biesiada,
OG19295,,,1,2019-07-31 21:46:16,Michal Biesiada,
OG19294,,,1,2019-07-31 21:44:37,Michal Biesiada,
OG19293,,,1,2019-07-31 21:44:18,Michal Biesiada,
OG19292,,,1,2019-07-31 21:39:07,Michal Biesiada,
OG19291,,,1,2019-07-31 21:27:26,Michal Biesiada,
OG19290,,,1,2019-07-31 21:15:59,Michal Biesiada,
OG19289,,,1,2019-07-31 21:11:52,Michal Biesiada,
OG19224,,,1,2019-07-31 10:38:42,Michal Biesiada,
OG19223,,,1,2019-07-31 10:33:30,Michal Biesiada,
OG19202,,,1,2019-07-30 09:12:28,Michal Biesiada,
OG19201,,,1,2019-07-30 09:03:51,Michal Biesiada,
OG19200,,,1,2019-07-30 09:01:23,Michal Biesiada,
OG19199,,,1,2019-07-30 09:00:24,Michal Biesiada,
OG19197,,,1,2019-07-30 08:47:10,Michal Biesiada,
OG19196,,,1,2019-07-30 08:46:47,Michal Biesiada,
OG19195,,,1,2019-07-30 08:45:13,Michal Biesiada,
OG19193,,,1,2019-07-30 08:34:25,Michal Biesiada,
OG19192,,,1,2019-07-30 08:32:20,Michal Biesiada,
OG19191,,,1,2019-07-30 08:27:10,Michal Biesiada,
OG19151,,,1,2019-06-13 23:11:24,Michal Biesiada,
OG19150,,,1,2019-06-13 22:43:43,Michal Biesiada,
OG19149,,,1,2019-06-13 21:37:37,Michal Biesiada,
OG19148,,,1,2019-06-13 20:32:26,Michal Biesiada,
OG19147,,,1,2019-06-13 20:24:43,Michal Biesiada,
OG19146,,,1,2019-06-13 18:42:48,Michal Biesiada,
OG19145,,,1,2019-06-13 18:31:03,Michal Biesiada,
OG19144,,,1,2019-06-13 18:29:49,Michal Biesiada,
OG19143,,,1,2019-06-13 18:28:19,Michal Biesiada,
OG19142,,,1,2019-06-13 18:24:06,Michal Biesiada,
OG19141,,,1,2019-06-13 18:22:24,Michal Biesiada,
OG19140,,,1,2019-06-13 18:20:20,Michal Biesiada,
OG19133,,,1,2019-06-07 11:35:41,Michal Biesiada,
OG19132,,,1,2019-06-07 11:32:36,Michal Biesiada,
OG19131,,,1,2019-06-07 11:12:39,Michal Biesiada,
OG19062,2012 TE232,1,2019-04-10 13:45:21,Michal Biesiada,
OG19061,,,1,2019-04-10 13:44:35,Michal Biesiada,
OG19060,,,1,2019-04-10 13:35:45,Michal Biesiada,
OG19059,,,1,2019-04-10 13:34:58,Michal Biesiada,
OG19058,,,1,2019-04-10 13:34:44,Michal Biesiada,
OG19057,,,1,2019-04-10 13:31:36,Michal Biesiada,
OG19056,,,1,2019-04-10 12:25:16,Michal Biesiada,
OG19055,,,1,2019-04-10 12:21:29,Michal Biesiada,
OG19045,,,1,2019-04-08 21:33:42,Michal Biesiada,
OG19044,,,1,2019-04-08 21:24:03,Michal Biesiada,
OG19042,,,1,2019-04-08 21:17:11,Michal Biesiada,
OG19041,,,1,2019-04-08 21:16:39,Michal Biesiada,
OG19025,,,1,2019-04-08 00:54:13,Michal Biesiada,
OG19024,,,1,2019-04-08 00:46:11,Michal Biesiada,
OG18972,,,1,2019-03-30 14:50:31,Michal Biesiada,
OG18971,,,1,2019-03-30 14:41:50,Michal Biesiada,
OG18970,,,1,2019-03-30 14:41:03,Michal Biesiada,
OG18969,,,1,2019-03-30 14:40:09,Michal Biesiada,
OG18968,,,1,2019-03-30 14:33:57,Michal Biesiada,
OG18967,,,1,2019-03-30 14:31:58,Michal Biesiada,
OG18966,,,1,2019-03-30 14:31:01,Michal Biesiada,
OG18965,,,1,2019-03-30 14:30:43,Michal Biesiada,
OG18964,,,1,2019-03-30 14:23:34,Michal Biesiada,
OG18963,,,1,2019-03-30 14:20:03,Michal Biesiada,
OG18962,,,1,2019-03-30 14:19:43,Michal Biesiada,
OG18961,,,1,2019-03-30 14:16:46,Michal Biesiada,
OG18960,,,1,2019-03-30 14:11:53,Michal Biesiada,
OG18959,,,1,2019-03-30 14:03:36,Michal Biesiada,
OG18958,,,1,2019-03-30 14:02:41,Michal Biesiada,
OG18957,,,1,2019-03-30 14:01:46,Michal Biesiada,
OG18956,,,1,2019-03-30 13:48:03,Michal Biesiada,
OG18955,,,1,2019-03-30 13:43:17,Michal Biesiada,
OG18954,,,1,2019-03-30 13:41:51,Michal Biesiada,
OG18953,,,1,2019-03-30 13:41:04,Michal Biesiada,
OG18952,,,1,2019-03-30 13:40:06,Michal Biesiada,
OG18951,,,1,2019-03-30 13:39:40,Michal Biesiada,
OG18950,,,1,2019-03-30 13:29:13,Michal Biesiada,
OG18949,,,1,2019-03-30 13:24:39,Michal Biesiada,
OG18948,,,1,2019-03-30 13:22:33,Michal Biesiada,
OG18947,,,1,2019-03-30 13:07:50,Michal Biesiada,
OG18946,,,1,2019-03-30 13:04:24,Michal Biesiada,
OG18945,,,1,2019-03-30 12:55:53,Michal Biesiada,
OG18944,,,1,2019-03-30 12:50:28,Michal Biesiada,
OG18943,,,1,2019-03-30 12:50:10,Michal Biesiada,
OG18833,,,1,2019-03-14 01:31:35,Michal Biesiada,
OG18832,,,1,2019-03-14 01:30:48,Michal Biesiada,
OG18831,,,1,2019-03-14 01:02:56,Michal Biesiada,
OG18830,,,1,2019-03-14 00:57:40,Michal Biesiada,
OG18829,,,1,2019-03-14 00:48:56,Michal Biesiada,
OG18828,,,1,2019-03-14 00:46:52,Michal Biesiada,
OG18827,,,1,2019-03-14 00:41:13,Michal Biesiada,
OG18826,,,1,2019-03-14 00:31:53,Michal Biesiada,
OG18825,,,1,2019-03-14 00:31:10,Michal Biesiada,
OG18824,,,1,2019-03-14 00:30:22,Michal Biesiada,
OG18823,,,1,2019-03-14 00:27:28,Michal Biesiada,
OG18822,,,1,2019-03-14 00:26:05,Michal Biesiada,
OG18735,,,1,2019-02-09 10:54:18,Michal Biesiada,
OG18706,,,1,2019-02-08 11:46:46,Michal Biesiada,
OG18698,,,1,2019-02-08 11:45:29,Michal Biesiada,
OG18697,,,1,2019-02-08 11:44:41,Michal Biesiada,
OG18696,,,1,2019-02-08 11:43:36,Michal Biesiada,
OG18695,,,1,2019-02-08 11:42:04,Michal Biesiada,
OG18694,,,1,2019-02-08 11:41:41,Michal Biesiada,
OG18693,,,1,2019-02-08 11:39:51,Michal Biesiada,
OG18692,,,1,2019-02-08 11:38:20,Michal Biesiada,
OG18691,,,1,2019-02-08 11:38:00,Michal Biesiada,
OG18690,,,1,2019-02-08 11:37:32,Michal Biesiada,
OG18689,,,1,2019-02-08 11:30:01,Michal Biesiada,
OG18688,,,1,2019-02-08 11:29:33,Michal Biesiada,
OG18687,,,1,2019-02-08 11:28:32,Michal Biesiada,
OG18686,,,1,2019-02-08 11:24:58,Michal Biesiada,
OG18685,,,1,2019-02-08 11:23:30,Michal Biesiada,
OG18684,,,1,2019-02-08 11:21:57,Michal Biesiada,
OG18683,,,1,2019-02-08 11:21:32,Michal Biesiada,
OG18682,,,1,2019-02-08 11:18:22,Michal Biesiada,
OG18681,,,1,2019-02-08 11:16:28,Michal Biesiada,
OG18680,,,1,2019-02-08 11:13:00,Michal Biesiada,
OG18679,2019 CK,1,2019-02-08 11:12:38,Michal Biesiada,
OG18678,,,1,2019-02-08 11:12:19,Michal Biesiada,
OG18677,,,1,2019-02-08 11:11:48,Michal Biesiada,
OG18676,,,1,2019-02-08 11:08:41,Michal Biesiada,
OG18675,,,1,2019-02-08 11:08:19,Michal Biesiada,
OG18674,,,1,2019-02-08 11:07:28,Michal Biesiada,
OG18673,,,1,2019-02-08 11:00:34,Michal Biesiada,
OG18672,,,1,2019-02-08 10:59:03,Michal Biesiada,
OG18671,,,1,2019-02-08 10:55:56,Michal Biesiada,
OG18670,,,1,2019-02-08 10:54:04,Michal Biesiada,
OG18669,,,1,2019-02-08 10:53:41,Michal Biesiada,
OG18608,,,1,2019-02-06 21:26:26,Michal Biesiada,
OG18607,,,1,2019-02-06 21:24:49,Michal Biesiada,
OG18562,,,1,2019-01-13 13:44:13,Michal Biesiada,
OG18561,,,1,2019-01-13 13:42:36,Michal Biesiada,
OG18463,,,1,2018-12-06 16:39:17,Michal Biesiada,
OG18462,,,1,2018-12-06 16:32:53,Michal Biesiada,
OG18461,,,1,2018-12-06 16:31:47,Michal Biesiada,
OG18359,,,1,2018-12-04 12:07:33,Michal Biesiada,
OG18355,,,1,2018-12-04 11:47:21,Michal Biesiada,
OG18354,,,1,2018-12-04 11:46:58,Michal Biesiada,
OG18353,,,1,2018-12-04 11:41:12,Michal Biesiada,
OG18352,,,1,2018-12-04 11:40:57,Michal Biesiada,
OG18351,,,1,2018-12-04 11:38:05,Michal Biesiada,
OG18348,,,1,2018-12-04 11:34:30,Michal Biesiada,
OG18347,,,1,2018-12-04 11:29:18,Michal Biesiada,
OG18346,,,1,2018-12-04 11:28:07,Michal Biesiada,
OG18345,,,1,2018-12-04 11:27:39,Michal Biesiada,
OG18344,,,1,2018-12-04 11:26:37,Michal Biesiada,
OG18343,,,1,2018-12-04 11:25:53,Michal Biesiada,
OG18342,,,1,2018-12-04 11:23:50,Michal Biesiada,
OG18341,,,1,2018-12-04 11:18:56,Michal Biesiada,
OG18340,,,1,2018-12-04 11:18:06,Michal Biesiada,
OG18339,,,1,2018-12-04 11:17:43,Michal Biesiada,
OG18338,,,1,2018-12-04 11:17:03,Michal Biesiada,
OG18337,,,1,2018-12-04 11:14:07,Michal Biesiada,
OG18327,,,1,2018-12-04 10:18:26,Michal Biesiada,
OG18123,,,1,2018-11-19 12:09:28,Michal Biesiada,
OG18122,,,1,2018-11-19 12:08:30,Michal Biesiada,
OG18121,,,1,2018-11-19 12:07:33,Michal Biesiada,
OG18120,,,1,2018-11-19 12:06:54,Michal Biesiada,
OG18119,,,1,2018-11-19 12:06:25,Michal Biesiada,
OG18118,,,1,2018-11-19 12:04:30,Michal Biesiada,
OG18117,,,1,2018-11-19 11:58:27,Michal Biesiada,
OG18116,,,1,2018-11-19 11:56:50,Michal Biesiada,
OG18115,,,1,2018-11-19 11:50:48,Michal Biesiada,
OG18114,,,1,2018-11-19 11:48:35,Michal Biesiada,
OG18113,,,1,2018-11-19 11:46:43,Michal Biesiada,
OG18112,,,1,2018-11-19 11:45:38,Michal Biesiada,
OG18111,,,1,2018-11-19 11:42:46,Michal Biesiada,
OG17411,,,1,2018-09-13 06:46:35,Michal Biesiada,
OG17410,,,1,2018-09-13 06:41:55,Michal Biesiada,
OG17409,,,1,2018-09-13 06:41:40,Michal Biesiada,
OG17249,,,1,2018-09-08 23:21:48,Michal Biesiada,
OG17248,,,1,2018-09-08 23:12:12,Michal Biesiada,
OG17247,,,1,2018-09-08 23:09:22,Michal Biesiada,
OG17246,,,1,2018-09-08 23:07:36,Michal Biesiada,
OG17245,,,1,2018-09-08 23:05:21,Michal Biesiada,
OG17244,2018 RE34,1,2018-09-08 23:01:45,Michal Biesiada,
OG17084,,,1,2018-08-11 11:40:12,Michal Biesiada,
OG17083,,,1,2018-08-11 11:35:30,Michal Biesiada,
OG17082,,,1,2018-08-11 09:05:10,Michal Biesiada,
OG17081,,,1,2018-08-11 09:03:41,Michal Biesiada,
OG17080,,,1,2018-08-11 08:58:19,Michal Biesiada,
OG16665,,,1,2018-05-17 02:31:40,Michal Biesiada,
OG16664,,,1,2018-05-17 02:29:02,Michal Biesiada,
OG16662,,,1,2018-05-17 02:24:39,Michal Biesiada,
OG16661,,,1,2018-05-17 02:24:11,Michal Biesiada,
OG16426,,,1,2018-03-17 22:11:32,Michal Biesiada,
OG16425,,,1,2018-03-17 21:38:14,Michal Biesiada,
OG16424,2018 FJ25,1,2018-03-17 21:37:00,Michal Biesiada,
OG16423,,,1,2018-03-17 21:35:49,Michal Biesiada,
OG16422,,,1,2018-03-17 21:34:08,Michal Biesiada,
OG16419,2018 FS5,1,2018-03-17 15:09:00,Michal Biesiada,
OG16418,2018 FT5,1,2018-03-17 15:07:53,Michal Biesiada,
OG16417,,,1,2018-03-17 15:01:56,Michal Biesiada,
OG16416,2018 FZ28,1,2018-03-17 14:52:46,Michal Biesiada,
OG16414,,,1,2018-03-17 14:40:22,Michal Biesiada,
OG16413,,,1,2018-03-17 14:37:37,Michal Biesiada,
OG16385,,,1,2018-03-15 23:02:16,Michal Biesiada,
OG16338,2018 CS7,1,2018-01-20 10:02:39,Michal Biesiada,
OG16337,,,1,2018-01-20 09:02:13,Michal Biesiada,
OG16327,,,1,2018-01-18 21:55:44,Michal Biesiada,
OG16326,,,1,2018-01-18 21:54:32,Michal Biesiada,
OG16325,2007 BQ103,1,2018-01-18 21:54:11,Michal Biesiada,
OG16324,,,1,2018-01-18 21:53:51,Michal Biesiada,
OG16323,,,1,2018-01-18 21:07:56,Michal Biesiada,
OG16321,,,1,2018-01-18 21:03:37,Michal Biesiada,
OG16320,,,1,2018-01-18 21:00:37,Michal Biesiada,
OG16319,,,1,2018-01-18 20:59:44,Michal Biesiada,
OG16317,,,1,2018-01-18 20:19:17,Michal Biesiada,
OG16316,2002 SE66,1,2018-01-18 20:18:19,Michal Biesiada,
OG16315,,,1,2018-01-18 20:10:43,Michal Biesiada,
OG16314,,,1,2018-01-18 20:10:30,Michal Biesiada,
OG16298,,,1,2018-01-15 22:31:54,Michal Biesiada,
OG16297,2017 YA14,1,2018-01-15 22:29:56,Michal Biesiada,
OG16296,,,1,2018-01-15 22:14:29,Michal Biesiada,
OG16293,,,1,2017-12-22 09:37:31,Michal Biesiada,
OG16292,,,1,2017-12-22 09:36:56,Michal Biesiada,
OG16291,,,1,2017-12-22 09:34:15,Michal Biesiada,
OG16290,,,1,2017-12-22 09:18:46,Michal Biesiada,
OG16289,,,1,2017-12-22 08:40:42,Michal Biesiada,
OG16288,,,1,2017-12-22 08:33:29,Michal Biesiada,
OG16287,,,1,2017-12-22 08:33:13,Michal Biesiada,
OG16286,,,1,2017-12-22 08:33:01,Michal Biesiada,
OG16285,,,1,2017-12-22 08:07:33,Michal Biesiada,
OG16284,,,1,2017-12-22 07:58:02,Michal Biesiada,
OG16283,,,1,2017-12-22 07:55:17,Michal Biesiada,
OG16282,,,1,2017-12-22 07:54:36,Michal Biesiada,
OG16281,,,1,2017-12-22 07:46:37,Michal Biesiada,
OG16280,,,1,2017-12-22 07:31:28,Michal Biesiada,
OG16279,,,1,2017-12-22 07:24:40,Michal Biesiada,
OG16278,,,1,2017-12-22 07:21:30,Michal Biesiada,
OG16275,,,1,2017-12-22 00:11:23,Michal Biesiada,
OG16274,,,1,2017-12-22 00:10:20,Michal Biesiada,
OG16273,,,1,2017-12-21 23:58:10,Michal Biesiada,
OG16272,,,1,2017-12-21 23:57:05,Michal Biesiada,
OG16271,,,1,2017-12-21 23:52:10,Michal Biesiada,
OG16270,,,1,2017-12-21 23:10:01,Michal Biesiada,
OG16269,,,1,2017-12-21 23:07:06,Michal Biesiada,
OG16268,,,1,2017-12-21 22:54:43,Michal Biesiada,
OG16267,,,1,2017-12-21 22:28:01,Michal Biesiada,
OG16259,,,1,2017-12-21 18:05:14,Michal Biesiada,
OG16258,,,1,2017-12-21 18:04:43,Michal Biesiada,
OG16257,,,1,2017-12-21 18:04:12,Michal Biesiada,
OG16256,,,1,2017-12-21 17:59:32,Michal Biesiada,
OG16193,,,1,2017-12-19 13:38:27,Michal Biesiada,
OG16192,,,1,2017-12-19 13:36:59,Michal Biesiada,
OG16191,2018 AG14,1,2017-12-19 13:30:53,Michal Biesiada,
OG16190,,,1,2017-12-19 13:30:30,Michal Biesiada,
OG16189,,,1,2017-12-19 13:30:11,Michal Biesiada,
OG16188,,,1,2017-12-19 13:29:27,Michal Biesiada,
OG16187,,,1,2017-12-19 13:18:36,Michal Biesiada,
OG16186,,,1,2017-12-19 13:12:29,Michal Biesiada,
OG16183,,,1,2017-12-19 09:23:41,Michal Biesiada,
OG16182,,,1,2017-12-19 09:13:35,Michal Biesiada,
OG16181,,,1,2017-12-19 09:12:12,Michal Biesiada,
OG16180,,,1,2017-12-19 09:04:55,Michal Biesiada,
OG16179,,,1,2017-12-19 09:04:41,Michal Biesiada,
OG16178,,,1,2017-12-19 09:03:01,Michal Biesiada,
OG16177,,,1,2017-12-19 09:02:29,Michal Biesiada,
OG16176,2005 UA432,1,2017-12-19 08:58:53,Michal Biesiada,
OG16175,,,1,2017-12-19 08:49:51,Michal Biesiada,
OG16174,,,1,2017-12-19 08:48:44,Michal Biesiada,
OG16173,2018 AU13,1,2017-12-19 08:48:10,Michal Biesiada,
OG16172,,,1,2017-12-19 08:46:07,Michal Biesiada,
OG16170,,,1,2017-12-18 23:42:38,Michal Biesiada,
OG16169,,,1,2017-12-18 23:35:35,Michal Biesiada,
OG16168,2018 CE,1,2017-12-18 23:34:36,Michal Biesiada,
OG16167,,,1,2017-12-18 23:33:45,Michal Biesiada,
OG16165,2017 XW59,1,2017-12-18 23:27:06,Michal Biesiada,
OG16107,2017 XB10,1,2017-12-09 19:34:23,Michal Biesiada,
OG16106,,,1,2017-12-09 19:34:01,Michal Biesiada,
OG16105,2017 XO52,1,2017-12-09 19:33:07,Michal Biesiada,
OG16104,2003 UJ5,1,2017-12-09 19:32:34,Michal Biesiada,
OG16103,,,1,2017-12-09 19:30:06,Michal Biesiada,
OG16102,2017 XA13,1,2017-12-09 19:29:12,Michal Biesiada,
OG16101,2017 XB8,1,2017-12-09 19:28:52,Michal Biesiada,
OG16100,,,1,2017-12-09 19:27:09,Michal Biesiada,
OG16099,2017 XT14,1,2017-12-09 19:26:54,Michal Biesiada,
OG16098,,,1,2017-12-09 19:24:57,Michal Biesiada,
OG16097,,,1,2017-12-09 19:23:37,Michal Biesiada,
OG16096,,,1,2017-12-09 19:22:02,Michal Biesiada,
OG16095,2017 XM9,1,2017-12-09 19:20:40,Michal Biesiada,
OG16094,2015 BZ428,1,2017-12-09 19:19:48,Michal Biesiada,
OG16093,2017 XR14,1,2017-12-09 19:16:07,Michal Biesiada,
OG16092,,,1,2017-12-09 19:15:30,Michal Biesiada,
OG16091,2017 XH9,1,2017-12-09 19:12:47,Michal Biesiada,
OG16090,,,1,2017-12-09 19:08:31,Michal Biesiada,
OG16089,,,1,2017-12-09 19:08:05,Michal Biesiada,
OG16088,,,1,2017-12-09 19:06:59,Michal Biesiada,
OG16087,2013 RL82,1,2017-12-09 19:05:48,Michal Biesiada,
OG16086,2017 XR19,1,2017-12-09 19:03:29,Michal Biesiada,
OG16085,,,1,2017-12-09 19:01:51,Michal Biesiada,
OG16084,2017 XE16,1,2017-12-09 19:01:28,Michal Biesiada,
OG16076,2017 XY24,1,2017-11-28 20:29:56,Michal Biesiada,
OG16075,,,1,2017-11-28 20:28:27,Michal Biesiada,
OG16074,2017 XP26,1,2017-11-28 20:27:56,Michal Biesiada,
OG16073,2017 XC54,1,2017-11-28 20:27:23,Michal Biesiada,
OG16072,2017 XF53,1,2017-11-28 20:25:36,Michal Biesiada,
OG16071,,,1,2017-11-28 20:09:41,Michal Biesiada,
OG16070,,,1,2017-11-28 20:09:25,Michal Biesiada,
OG16069,2017 XN26,1,2017-11-28 20:08:31,Michal Biesiada,
OG16068,2017 XL37,1,2017-11-28 19:55:23,Michal Biesiada,
OG16067,,,1,2017-11-28 19:36:27,Michal Biesiada,
OG16066,,,1,2017-11-28 19:32:32,Michal Biesiada,
OG16065,,,1,2017-11-28 19:30:50,Michal Biesiada,
OG16064,,,1,2017-11-28 19:30:37,Michal Biesiada,
OG16063,,,1,2017-11-28 19:29:03,Michal Biesiada,
OG16062,2017 WP4,1,2017-11-28 19:28:39,Michal Biesiada,
OG15741,,,1,2017-10-22 00:15:44,Michal Biesiada,
OG15740,,,1,2017-10-22 00:13:54,Michal Biesiada,
OG15739,2017 VD8,1,2017-10-22 00:08:26,Michal Biesiada,
OG15738,,,1,2017-10-21 23:58:44,Michal Biesiada,
OG15737,,,1,2017-10-21 23:58:08,Michal Biesiada,
OG15568,,,1,2017-09-22 12:06:01,Michal Biesiada,
OG15567,,,1,2017-09-22 11:44:52,Michal Biesiada,
OG15566,,,1,2017-09-22 11:44:16,Michal Biesiada,
OG15565,,,1,2017-09-22 11:42:05,Michal Biesiada,
OG15564,2017 SA107,1,2017-09-22 11:41:35,Michal Biesiada,
OG15563,,,1,2017-09-22 11:36:38,Michal Biesiada,
OG15562,2017 ST103,1,2017-09-22 11:32:27,Michal Biesiada,
OG15561,,,1,2017-09-22 11:31:18,Michal Biesiada,
OG15560,,,1,2017-09-22 11:29:39,Michal Biesiada,
OG15559,,,1,2017-09-22 11:28:29,Michal Biesiada,
OG15558,,,1,2017-09-22 11:28:01,Michal Biesiada,
OG15557,2008 SR267,1,2017-09-22 11:22:02,Michal Biesiada,
OG15556,,,1,2017-09-22 11:20:24,Michal Biesiada,
OG15555,,,1,2017-09-22 11:18:05,Michal Biesiada,
OG15554,,,1,2017-09-22 11:12:56,Michal Biesiada,
OG15553,,,1,2017-09-22 11:03:08,Michal Biesiada,
OG15552,2017 RW86,1,2017-09-22 10:59:15,Michal Biesiada,
OG15551,,,1,2017-09-22 10:58:28,Michal Biesiada,
OG15550,,,1,2017-09-22 10:56:33,Michal Biesiada,
OG15549,2017 SA132,1,2017-09-22 10:55:50,Michal Biesiada,
OG15548,,,1,2017-09-22 10:51:09,Michal Biesiada,
OG15547,,,1,2017-09-22 10:41:02,Michal Biesiada,
OG15546,2017 RB101,1,2017-09-22 10:40:53,Michal Biesiada,
OG15545,,,1,2017-09-22 10:40:10,Michal Biesiada,
OG15544,,,1,2017-09-22 10:29:36,Michal Biesiada,
OG15543,2017 RB88,1,2017-09-22 10:28:53,Michal Biesiada,
OG15542,,,1,2017-09-21 23:58:43,Michal Biesiada,
OG15541,,,1,2017-09-21 23:57:50,Michal Biesiada,
OG15540,2017 SZ131,1,2017-09-21 23:54:25,Michal Biesiada,
OG15539,,,1,2017-09-21 23:52:08,Michal Biesiada,
OG15538,2008 TK132,1,2017-09-21 23:51:50,Michal Biesiada,
OG15442,2017 SP131,1,2017-09-21 01:30:18,Michal Biesiada,
OG15441,2015 FE406,1,2017-09-21 01:23:55,Michal Biesiada,
OG15440,,,1,2017-09-21 01:21:40,Michal Biesiada,
OG15439,2013 NJ31,1,2017-09-21 01:05:49,Michal Biesiada,
OG15438,2017 SY14,1,2017-09-21 01:05:33,Michal Biesiada,
OG15437,,,1,2017-09-21 00:57:23,Michal Biesiada,
OG15436,2017 SD107,1,2017-09-21 00:53:19,Michal Biesiada,
OG15435,2017 RJ96,1,2017-09-21 00:53:01,Michal Biesiada,
OG15434,,,1,2017-09-21 00:52:37,Michal Biesiada,
OG15433,2017 SL102,1,2017-09-21 00:50:45,Michal Biesiada,
OG15432,,,1,2017-09-21 00:50:23,Michal Biesiada,
OG15431,,,1,2017-09-21 00:49:53,Michal Biesiada,
OG15430,2017 SH102,1,2017-09-21 00:47:06,Michal Biesiada,
OG15429,,,1,2017-09-21 00:46:01,Michal Biesiada,
OG15428,,,1,2017-09-21 00:44:18,Michal Biesiada,
OG15427,,,1,2017-09-21 00:43:46,Michal Biesiada,
OG15426,,,1,2017-09-21 00:42:28,Michal Biesiada,
OG15425,,,1,2017-09-21 00:40:46,Michal Biesiada,
OG15424,,,1,2017-09-21 00:35:45,Michal Biesiada,
OG15423,,,1,2017-09-21 00:30:02,Michal Biesiada,
OG15422,,,1,2017-09-21 00:29:48,Michal Biesiada,
OG15421,,,1,2017-09-21 00:26:24,Michal Biesiada,
OG15396,2017 RP88,1,2017-09-20 19:20:10,Michal Biesiada,
OG15394,,,1,2017-09-20 18:47:46,Michal Biesiada,
OG15393,2017 RH95,1,2017-09-20 18:46:54,Michal Biesiada,
OG15391,2012 TM121,1,2017-09-20 18:44:04,Michal Biesiada,
OG15390,,,1,2017-09-20 18:43:28,Michal Biesiada,
OG15389,,,1,2017-09-20 18:41:51,Michal Biesiada,
OG15388,2016 EA250,1,2017-09-20 18:37:33,Michal Biesiada,
OG15387,2017 SB130,1,2017-09-20 18:35:10,Michal Biesiada,
OG15386,,,1,2017-09-20 18:34:32,Michal Biesiada,
OG15385,2017 RD94,1,2017-09-20 18:34:00,Michal Biesiada,
OG15384,2017 RB87,1,2017-09-20 18:33:34,Michal Biesiada,
OG15383,2017 RC87,1,2017-09-20 18:33:19,Michal Biesiada,
OG15382,2013 PE80,1,2017-09-20 18:31:42,Michal Biesiada,
OG15381,,,1,2017-09-20 18:30:13,Michal Biesiada,
OG15380,2017 SJ130,1,2017-09-20 18:26:24,Michal Biesiada,
OG15379,,,1,2017-09-20 18:24:58,Michal Biesiada,
OG15378,,,1,2017-09-20 18:24:45,Michal Biesiada,
OG15377,2012 UD181,1,2017-09-20 18:21:30,Michal Biesiada,
OG15376,2017 SR112,1,2017-09-20 18:20:29,Michal Biesiada,
OG15375,,,1,2017-09-20 18:19:36,Michal Biesiada,
OG15374,2006 RA45,1,2017-09-20 18:15:57,Michal Biesiada,
OG15373,2017 RN88,1,2017-09-20 18:14:28,Michal Biesiada,
OG15372,,,1,2017-09-20 18:09:57,Michal Biesiada,
OG15371,,,1,2017-09-20 18:09:27,Michal Biesiada,
OG15370,2017 RT88,1,2017-09-20 18:09:04,Michal Biesiada,
OG15369,,,1,2017-09-20 18:08:33,Michal Biesiada,
OG15368,2013 TQ168,1,2017-09-20 17:56:54,Michal Biesiada,
OG15367,,,1,2017-09-20 17:55:58,Michal Biesiada,
OG15366,,,1,2017-09-20 17:55:33,Michal Biesiada,
OG15365,2017 RG88,1,2017-09-20 17:52:03,Michal Biesiada,
OG15364,2017 RJ88,1,2017-09-20 17:51:43,Michal Biesiada,
OG15363,,,1,2017-09-20 17:51:23,Michal Biesiada,
OG15362,2017 RL88,1,2017-09-20 17:51:03,Michal Biesiada,
OG15361,2017 SS130,1,2017-09-20 17:50:42,Michal Biesiada,
OG15360,,,1,2017-09-20 17:50:28,Michal Biesiada,
OG15359,2017 UT32,1,2017-09-20 17:50:13,Michal Biesiada,
OG15358,2017 SO130,1,2017-09-20 17:46:54,Michal Biesiada,
OG15357,,,1,2017-09-20 17:45:24,Michal Biesiada,
OG15356,,,1,2017-09-20 17:40:01,Michal Biesiada,
OG15355,2017 SP130,1,2017-09-20 17:38:01,Michal Biesiada,
OG15354,,,1,2017-09-20 17:36:35,Michal Biesiada,
OG15353,,,1,2017-09-20 17:33:04,Michal Biesiada,
OG15352,,,1,2017-09-20 17:32:13,Michal Biesiada,
OG15351,,,1,2017-09-20 17:26:26,Michal Biesiada,
OG15350,2017 SU102,1,2017-09-20 17:24:25,Michal Biesiada,
OG15349,2012 VJ87,1,2017-09-20 17:24:09,Michal Biesiada,
OG15347,,,1,2017-09-20 17:22:27,Michal Biesiada,
OG15346,,,1,2017-09-20 17:19:12,Michal Biesiada,
OG15345,,,1,2017-09-20 16:12:38,Michal Biesiada,
OG15344,2017 RW87,1,2017-09-20 15:59:49,Michal Biesiada,
OG15343,2017 RZ87,1,2017-09-20 15:58:59,Michal Biesiada,
OG15342,2017 RL17,1,2017-09-20 15:55:23,Michal Biesiada,
OG15317,2017 ST102,1,2017-09-20 00:15:36,Michal Biesiada,
OG15316,,,1,2017-09-20 00:13:59,Michal Biesiada,
OG15223,2017 SA131,1,2017-09-19 20:10:17,Michal Biesiada,
OG15218,,,1,2017-09-19 20:03:37,Michal Biesiada,
OG15202,,,1,2017-09-18 13:17:21,Michal Biesiada,
OG15201,,,1,2017-09-18 13:11:43,Michal Biesiada,
OG15200,,,1,2017-09-18 13:01:55,Michal Biesiada,
OG15199,,,1,2017-09-18 13:01:20,Michal Biesiada,
OG15198,2017 SM63,1,2017-09-18 13:00:06,Michal Biesiada,
OG15197,2016 EK237,1,2017-09-18 12:55:33,Michal Biesiada,
OG15196,,,1,2017-09-18 12:51:07,Michal Biesiada,
OG15195,,,1,2017-09-18 12:48:50,Michal Biesiada,
OG15194,2016 KV6,1,2017-09-18 12:44:15,Michal Biesiada,
OG15193,,,1,2017-09-18 12:43:44,Michal Biesiada,
OG15192,,,1,2017-09-18 12:41:59,Michal Biesiada,
OG15191,,,1,2017-09-18 12:41:06,Michal Biesiada,
OG15190,,,1,2017-09-18 12:40:57,Michal Biesiada,
OG15189,,,1,2017-09-18 12:38:41,Michal Biesiada,
OG15187,2017 RX87,1,2017-09-18 12:33:35,Michal Biesiada,
OG15186,2012 TC326,1,2017-09-18 12:32:07,Michal Biesiada,
OG15185,2017 SD129,1,2017-09-18 12:30:06,Michal Biesiada,
OG15184,2017 RS82,1,2017-09-18 12:29:55,Michal Biesiada,
OG15172,2013 TS56,1,2017-09-18 08:17:52,Michal Biesiada,
OG15171,2010 UD17,1,2017-09-18 08:16:45,Michal Biesiada,
OG15170,2017 RW98,1,2017-09-18 08:16:24,Michal Biesiada,
OG15169,2017 SE63,1,2017-09-18 08:15:54,Michal Biesiada,
OG15168,,,1,2017-09-18 08:13:22,Michal Biesiada,
OG15166,2011 AC59,1,2017-09-18 08:09:56,Michal Biesiada,
OG15164,2017 SL27,1,2017-09-18 08:07:48,Michal Biesiada,
OG15163,,,1,2017-09-18 08:07:35,Michal Biesiada,
OG15162,,,1,2017-09-18 08:07:22,Michal Biesiada,
OG15161,,,1,2017-09-18 08:07:03,Michal Biesiada,
OG15159,2017 RF99,1,2017-09-18 08:04:40,Michal Biesiada,
OG15156,2017 SR62,1,2017-09-18 07:49:01,Michal Biesiada,
OG15155,,,1,2017-09-18 07:48:33,Michal Biesiada,
OG15153,2017 SZ128,1,2017-09-18 07:46:42,Michal Biesiada,
OG15152,2017 RG97,1,2017-09-18 07:44:41,Michal Biesiada,
OG15151,,,1,2017-09-18 07:42:21,Michal Biesiada,
OG15150,2017 RW80,1,2017-09-18 07:35:50,Michal Biesiada,
OG15149,2017 RL80,1,2017-09-18 07:35:40,Michal Biesiada,
OG15148,2017 RR98,1,2017-09-18 07:32:27,Michal Biesiada,
OG15147,2017 SS62,1,2017-09-18 07:32:10,Michal Biesiada,
OG15146,,,1,2017-09-18 07:31:57,Michal Biesiada,
OG15145,2017 SU62,1,2017-09-18 07:29:39,Michal Biesiada,
OG15144,,,1,2017-09-18 07:29:00,Michal Biesiada,
OG15143,2017 RO102,1,2017-09-18 07:28:11,Michal Biesiada,
OG15142,,,1,2017-09-18 07:26:26,Michal Biesiada,
OG15141,,,1,2017-09-18 07:26:14,Michal Biesiada,
OG15140,2007 XO10,1,2017-09-18 07:24:41,Michal Biesiada,
OG15139,2017 RK99,1,2017-09-18 07:24:00,Michal Biesiada,
OG15138,2017 SW62,1,2017-09-18 07:23:29,Michal Biesiada,
OG15137,,,1,2017-09-18 07:19:31,Michal Biesiada,
OG15134,2017 RX80,1,2017-09-18 00:42:02,Michal Biesiada,
OG15133,,,1,2017-09-18 00:32:42,Michal Biesiada,
OG15132,,,1,2017-09-18 00:32:14,Michal Biesiada,
OG15126,2017 RN98,1,2017-09-17 21:13:52,Michal Biesiada,
OG15125,2017 RD98,1,2017-09-17 21:13:24,Michal Biesiada,
OG15124,,,1,2017-09-17 21:11:23,Michal Biesiada,
OG15123,,,1,2017-09-17 21:11:07,Michal Biesiada,
OG15122,2017 RC83,1,2017-09-17 21:08:31,Michal Biesiada,
OG15024,,,1,2017-08-21 19:24:18,Michal Biesiada,
OG15023,,,1,2017-08-21 19:12:26,Michal Biesiada,
OG15022,,,1,2017-08-21 19:07:22,Michal Biesiada,
OG15021,,,1,2017-08-21 18:40:53,Michal Biesiada,
OG15020,,,1,2017-08-21 18:35:51,Michal Biesiada,
OG15019,2017 QG24,1,2017-08-21 18:02:39,Michal Biesiada,
OG15018,2017 QF24,1,2017-08-21 17:32:39,Michal Biesiada,
OG15017,,,1,2017-08-21 17:04:27,Michal Biesiada,
OG15016,2017 QE24,1,2017-08-21 17:04:11,Michal Biesiada,
OG15015,2017 QD24,1,2017-08-21 17:01:35,Michal Biesiada,
OG15014,,,1,2017-08-21 17:00:21,Michal Biesiada,
OG15013,2010 RY189,1,2017-08-21 16:59:37,Michal Biesiada,
OG15012,2010 UN10,1,2017-08-21 16:53:24,Michal Biesiada,
OG15011,2017 QY3,1,2017-08-21 16:48:58,Michal Biesiada,
OG15010,,,1,2017-08-21 16:47:21,Michal Biesiada,
OG15009,2017 RL23,1,2017-08-21 16:45:35,Michal Biesiada,
OG15008,,,1,2017-08-21 16:42:24,Michal Biesiada,
OG15007,,,1,2017-08-21 16:39:21,Michal Biesiada,
OG15006,2017 RT22,1,2017-08-21 16:36:55,Michal Biesiada,
OG15005,2017 PT10,1,2017-08-21 16:36:33,Michal Biesiada,
OG15004,2013 RE105,1,2017-08-21 16:35:39,Michal Biesiada,
OG15002,2017 QH24,1,2017-08-21 00:16:49,Michal Biesiada,
OG15001,2017 QC24,1,2017-08-21 00:14:02,Michal Biesiada,
OG15000,,,1,2017-08-21 00:13:47,Michal Biesiada,
OG14999,,,1,2017-08-21 00:09:59,Michal Biesiada,
OG14998,,,1,2017-08-21 00:04:45,Michal Biesiada,
OG14997,,,1,2017-08-20 22:06:12,Michal Biesiada,
OG14996,,,1,2017-08-20 22:06:00,Michal Biesiada,
OG14995,,,1,2017-08-20 22:05:36,Michal Biesiada,
OG14962,,,1,2017-08-20 07:21:25,Michal Biesiada,
OG14961,,,1,2017-08-20 07:18:13,Michal Biesiada,
OG14960,2016 EV133,1,2017-08-20 07:17:46,Michal Biesiada,
OG14959,2012 TJ211,1,2017-08-20 07:17:33,Michal Biesiada,
OG14958,,,1,2017-08-20 07:11:58,Michal Biesiada,
OG14957,,,1,2017-08-20 07:11:27,Michal Biesiada,
OG14956,,,1,2017-08-20 07:11:13,Michal Biesiada,
OG14955,,,1,2017-08-20 07:09:58,Michal Biesiada,
OG14954,,,1,2017-08-20 07:09:39,Michal Biesiada,
OG14953,,,1,2017-08-20 07:08:57,Michal Biesiada,
OG14952,,,1,2017-08-20 07:06:40,Michal Biesiada,
OG14951,,,1,2017-08-20 07:04:02,Michal Biesiada,
OG14950,2015 BH534,1,2017-08-20 06:57:41,Michal Biesiada,
OG14949,,,1,2017-08-20 06:57:25,Michal Biesiada,
OG14948,,,1,2017-08-20 06:56:41,Michal Biesiada,
OG14947,,,1,2017-08-20 06:55:56,Michal Biesiada,
OG14946,,,1,2017-08-20 06:51:38,Michal Biesiada,
OG14945,,,1,2017-08-20 06:48:08,Michal Biesiada,
OG14944,,,1,2017-08-20 06:47:54,Michal Biesiada,
OG14943,2013 OV11,1,2017-08-20 06:47:23,Michal Biesiada,
OG14942,,,1,2017-08-20 06:44:49,Michal Biesiada,
OG14941,2016 CL295,1,2017-08-20 06:43:08,Michal Biesiada,
OG14940,,,1,2017-08-20 06:42:55,Michal Biesiada,
OG14939,,,1,2017-08-20 06:42:42,Michal Biesiada,
OG14938,,,1,2017-08-20 06:42:31,Michal Biesiada,
OG14937,,,1,2017-08-20 06:38:20,Michal Biesiada,
OG14936,,,1,2017-08-20 06:34:57,Michal Biesiada,
OG14935,,,1,2017-08-20 06:32:49,Michal Biesiada,
OG14934,,,1,2017-08-20 06:32:12,Michal Biesiada,
OG14933,2013 VB27,1,2017-08-20 06:28:34,Michal Biesiada,
OG14932,,,1,2017-08-20 06:26:36,Michal Biesiada,
OG14931,,,1,2017-08-20 06:25:30,Michal Biesiada,
OG14930,2017 QU52,1,2017-08-20 06:23:44,Michal Biesiada,
OG14929,,,1,2017-08-20 06:23:34,Michal Biesiada,
OG14928,,,1,2017-08-20 06:13:27,Michal Biesiada,
OG14927,,,1,2017-08-20 06:11:48,Michal Biesiada,
OG14926,2017 QE52,1,2017-08-20 06:10:40,Michal Biesiada,
OG14925,,,1,2017-08-20 06:07:51,Michal Biesiada,
OG14924,,,1,2017-08-20 06:07:42,Michal Biesiada,
OG14923,2017 RW28,1,2017-08-20 06:04:09,Michal Biesiada,
OG14922,,,1,2017-08-20 06:03:44,Michal Biesiada,
OG14918,,,1,2017-08-19 21:58:44,Michal Biesiada,
OG14917,,,1,2017-08-19 21:58:11,Michal Biesiada,
OG14841,2017 QX54,1,2017-08-18 18:40:35,Michal Biesiada,
OG14840,,,1,2017-08-18 18:37:13,Michal Biesiada,
OG14839,2013 UY9,1,2017-08-18 18:35:21,Michal Biesiada,
OG14838,,,1,2017-08-18 18:34:53,Michal Biesiada,
OG14837,2017 PQ21,1,2017-08-18 18:34:22,Michal Biesiada,
OG14836,,,1,2017-08-18 18:33:27,Michal Biesiada,
OG14835,,,1,2017-08-18 18:26:05,Michal Biesiada,
OG14834,2017 QS54,1,2017-08-18 18:24:59,Michal Biesiada,
OG14833,,,1,2017-08-18 18:24:29,Michal Biesiada,
OG14832,,,1,2017-08-18 18:22:51,Michal Biesiada,
OG14831,,,1,2017-08-18 17:52:03,Michal Biesiada,
OG14830,,,1,2017-08-18 17:51:24,Michal Biesiada,
OG14829,,,1,2017-08-18 17:51:01,Michal Biesiada,
OG14828,,,1,2017-08-18 17:50:49,Michal Biesiada,
OG14827,2017 QN54,1,2017-08-18 17:49:10,Michal Biesiada,
OG14826,2017 QZ54,1,2017-08-18 17:46:40,Michal Biesiada,
OG14825,2017 QX52,1,2017-08-18 17:43:25,Michal Biesiada,
OG14824,,,1,2017-08-18 17:36:41,Michal Biesiada,
OG14823,,,1,2017-08-18 17:35:34,Michal Biesiada,
OG14822,,,1,2017-08-18 17:34:07,Michal Biesiada,
OG14821,2011 KC48,1,2017-08-18 17:31:44,Michal Biesiada,
OG14820,2017 RB31,1,2017-08-18 17:29:30,Michal Biesiada,
OG14819,,,1,2017-08-18 17:21:26,Michal Biesiada,
OG14818,,,1,2017-08-18 17:20:58,Michal Biesiada,
OG14817,,,1,2017-08-18 17:20:36,Michal Biesiada,
OG14816,,,1,2017-08-18 17:20:25,Michal Biesiada,
OG14815,2017 QJ54,1,2017-08-18 17:14:24,Michal Biesiada,
OG14814,,,1,2017-08-18 17:11:24,Michal Biesiada,
OG14813,,,1,2017-08-18 17:10:01,Michal Biesiada,
OG14812,,,1,2017-08-18 17:09:33,Michal Biesiada,
OG14811,,,1,2017-08-18 17:08:53,Michal Biesiada,
OG14810,,,1,2017-08-18 17:04:26,Michal Biesiada,
OG14809,,,1,2017-08-18 17:02:21,Michal Biesiada,
OG14807,,,1,2017-08-18 16:57:29,Michal Biesiada,
OG14806,,,1,2017-08-18 16:33:07,Michal Biesiada,
OG14715,,,1,2017-07-26 07:46:19,Michal Biesiada,
OG14714,,,1,2017-07-26 07:45:01,Michal Biesiada,
OG14713,,,1,2017-07-26 07:41:39,Michal Biesiada,
OG14712,,,1,2017-07-26 07:40:27,Michal Biesiada,
OG14711,,,1,2017-07-26 07:29:59,Michal Biesiada,
OG14710,,,1,2017-07-26 07:27:07,Michal Biesiada,
OG14709,,,1,2017-07-26 07:25:52,Michal Biesiada,
OG14708,,,1,2017-07-26 07:23:37,Michal Biesiada,
OG14705,,,1,2017-07-25 20:59:46,Michal Biesiada,
OG14704,,,1,2017-07-25 20:59:04,Michal Biesiada,
OG14703,,,1,2017-07-25 20:53:09,Michal Biesiada,
OG14702,,,1,2017-07-25 20:45:50,Michal Biesiada,
OG14701,,,1,2017-07-25 20:39:09,Michal Biesiada,
OG14700,,,1,2017-07-25 20:33:49,Michal Biesiada,
OG14699,2017 OB9,1,2017-07-25 20:33:24,Michal Biesiada,
OG14698,2017 OL10,1,2017-07-25 20:32:31,Michal Biesiada,
OG14697,,,1,2017-07-25 20:31:22,Michal Biesiada,
OG14696,2017 OK10,1,2017-07-25 20:30:48,Michal Biesiada,
OG14695,,,1,2017-07-25 20:16:17,Michal Biesiada,
OG14694,,,1,2017-07-25 20:12:42,Michal Biesiada,
OG14693,,,1,2017-07-25 20:12:25,Michal Biesiada,
OG14692,,,1,2017-07-25 20:12:10,Michal Biesiada,
OG14691,,,1,2017-07-25 20:11:21,Michal Biesiada,
OG14690,,,1,2017-07-25 20:07:29,Michal Biesiada,
OG14689,,,1,2017-07-25 20:07:18,Michal Biesiada,
OG14688,,,1,2017-07-25 20:02:24,Michal Biesiada,
OG14687,2007 TR458,1,2017-07-25 20:02:11,Michal Biesiada,
OG14686,2017 QQ33,1,2017-07-25 19:57:11,Michal Biesiada,
OG14685,,,1,2017-07-25 19:56:47,Michal Biesiada,
OG14684,2017 OX10,1,2017-07-25 19:44:51,Michal Biesiada,
OG14683,2017 OW10,1,2017-07-25 19:43:58,Michal Biesiada,
OG14682,2017 OV10,1,2017-07-25 19:43:40,Michal Biesiada,
OG14681,2017 OT10,1,2017-07-25 19:42:19,Michal Biesiada,
OG14680,,,1,2017-07-25 19:41:57,Michal Biesiada,
OG14679,,,1,2017-07-25 19:41:06,Michal Biesiada,
OG14678,2017 OY10,1,2017-07-25 19:22:13,Michal Biesiada,
OG14677,2017 OT8,1,2017-07-25 19:21:26,Michal Biesiada,
OG14676,,,1,2017-07-25 19:19:42,Michal Biesiada,
OG14675,,,1,2017-07-25 19:13:47,Michal Biesiada,
OG14674,,,1,2017-07-25 19:03:15,Michal Biesiada,
OG14673,,,1,2017-07-25 19:01:57,Michal Biesiada,
OG14672,,,1,2017-07-25 19:01:05,Michal Biesiada,
OG14671,,,1,2017-07-25 18:55:36,Michal Biesiada,
OG14670,,,1,2017-07-25 18:54:29,Michal Biesiada,
OG14669,,,1,2017-07-25 18:53:54,Michal Biesiada,
OG14668,,,1,2017-07-25 18:47:10,Michal Biesiada,
OG14667,2009 WX89,1,2017-07-25 18:46:07,Michal Biesiada,
OG14646,,,1,2017-07-25 07:57:17,Michal Biesiada,
OG14645,,,1,2017-07-25 07:56:27,Michal Biesiada,
OG14644,,,1,2017-07-25 07:25:29,Michal Biesiada,
OG14643,,,1,2017-07-25 07:14:10,Michal Biesiada,
OG14642,,,1,2017-07-25 07:13:24,Michal Biesiada,
OG14641,,,1,2017-07-25 07:12:36,Michal Biesiada,
OG14640,2017 PT38,1,2017-07-25 07:04:35,Michal Biesiada,
OG14639,,,1,2017-07-25 06:58:35,Michal Biesiada,
OG14638,,,1,2017-07-25 06:56:45,Michal Biesiada,
OG14637,2017 OO10,1,2017-07-25 06:55:38,Michal Biesiada,
OG14636,2017 OQ10,1,2017-07-25 06:53:20,Michal Biesiada,
OG14635,,,1,2017-07-25 06:49:43,Michal Biesiada,
OG14634,,,1,2017-07-25 06:44:51,Michal Biesiada,
OG14633,2015 BO442,1,2017-07-25 06:44:28,Michal Biesiada,
OG14632,,,1,2017-07-25 06:31:34,Michal Biesiada,
OG14631,,,1,2017-07-25 06:30:32,Michal Biesiada,
OG14630,,,1,2017-07-25 06:29:32,Michal Biesiada,
OG14613,2017 ON7,1,2017-07-24 17:56:19,Michal Biesiada,
OG14610,2017 OW3,1,2017-07-24 17:52:25,Michal Biesiada,
OG14609,2017 OG3,1,2017-07-24 17:41:39,Michal Biesiada,
OG14608,,,1,2017-07-24 17:40:51,Michal Biesiada,
OG14607,,,1,2017-07-24 17:38:56,Michal Biesiada,
OG14606,,,1,2017-07-24 17:34:06,Michal Biesiada,
OG14605,2017 OZ3,1,2017-07-24 17:33:33,Michal Biesiada,
OG14602,2017 OU3,1,2017-07-24 17:23:21,Michal Biesiada,
OG14601,2017 OY3,1,2017-07-24 17:21:27,Michal Biesiada,
OG14600,2017 OT3,1,2017-07-24 17:19:56,Michal Biesiada,
OG14599,,,1,2017-07-24 17:15:11,Michal Biesiada,
OG14598,,,1,2017-07-24 17:14:54,Michal Biesiada,
OG14597,,,1,2017-07-24 17:13:24,Michal Biesiada,
OG14595,,,1,2017-07-24 17:11:12,Michal Biesiada,
OG14594,,,1,2017-07-24 17:10:30,Michal Biesiada,
OG14592,,,1,2017-07-24 17:03:40,Michal Biesiada,
OG14591,,,1,2017-07-24 17:01:22,Michal Biesiada,
OG14589,,,1,2017-07-24 16:59:35,Michal Biesiada,
OG14588,,,1,2017-07-24 16:50:53,Michal Biesiada,
OG14587,2017 OB2,1,2017-07-24 16:49:50,Michal Biesiada,
OG14586,,,1,2017-07-24 16:46:12,Michal Biesiada,
OG14585,,,1,2017-07-24 16:43:41,Michal Biesiada,
OG14584,,,1,2017-07-24 16:43:26,Michal Biesiada,
OG14583,,,1,2017-07-24 16:42:18,Michal Biesiada,
OG14582,,,1,2017-07-24 16:42:00,Michal Biesiada,
OG14581,,,1,2017-07-24 16:41:50,Michal Biesiada,
OG14580,,,1,2017-07-24 16:39:43,Michal Biesiada,
OG14577,2012 CE9,1,2017-07-24 16:32:35,Michal Biesiada,
OG14576,2017 ON3,1,2017-07-24 16:30:28,Michal Biesiada,
OG14575,,,1,2017-07-24 16:28:37,Michal Biesiada,
OG14574,,,1,2017-07-24 16:07:54,Michal Biesiada,
OG14573,2017 OL8,1,2017-07-24 16:07:31,Michal Biesiada,
OG14572,,,1,2017-07-24 16:07:17,Michal Biesiada,
OG14571,2017 OM3,1,2017-07-24 16:06:59,Michal Biesiada,
OG14570,,,1,2017-07-24 16:06:22,Michal Biesiada,
OG14569,,,1,2017-07-24 16:04:37,Michal Biesiada,
OG14547,2017 OM50,1,2017-07-24 15:52:57,Michal Biesiada,
OG14546,2017 OL3,1,2017-07-24 15:51:43,Michal Biesiada,
OG14535,,,1,2017-07-24 15:48:12,Michal Biesiada,
OG14514,,,1,2017-07-24 15:43:46,Michal Biesiada,
OG14513,,,1,2017-07-24 15:43:25,Michal Biesiada,
OG14512,2017 OL23,1,2017-07-24 15:40:45,Michal Biesiada,
OG14501,,,1,2017-07-24 15:26:45,Michal Biesiada,
OG14500,2017 OD8,1,2017-07-24 15:25:55,Michal Biesiada,
OG14499,2017 OE8,1,2017-07-24 15:25:18,Michal Biesiada,
OG14498,,,1,2017-07-24 15:20:17,Michal Biesiada,
OG14497,2017 OT7,1,2017-07-24 15:19:25,Michal Biesiada,
OG14496,2017 QC15,1,2017-07-24 15:14:19,Michal Biesiada,
OG14476,2017 OF8,1,2017-07-24 07:28:50,Michal Biesiada,
OG14474,2017 OW7,1,2017-07-24 00:56:51,Michal Biesiada,
OG14473,2017 QU4,1,2017-07-24 00:50:30,Michal Biesiada,
OG14472,2017 OZ7,1,2017-07-24 00:47:11,Michal Biesiada,
OG14471,2017 OB8,1,2017-07-24 00:46:47,Michal Biesiada,
OG14470,2014 YU54,1,2017-07-24 00:46:12,Michal Biesiada,
OG14469,,,1,2017-07-24 00:39:25,Michal Biesiada,
OG14468,2017 OY7,1,2017-07-24 00:39:06,Michal Biesiada,
OG14467,,,1,2017-07-24 00:36:02,Michal Biesiada,
OG14466,,,1,2017-07-24 00:34:44,Michal Biesiada,
OG14465,2017 OG8,1,2017-07-24 00:34:30,Michal Biesiada,
OG14464,2017 QB12,1,2017-07-24 00:34:07,Michal Biesiada,
OG14463,,,1,2017-07-24 00:32:53,Michal Biesiada,
OG14462,2013 TD167,1,2017-07-24 00:29:19,Michal Biesiada,
OG14461,2017 OH8,1,2017-07-24 00:28:01,Michal Biesiada,
OG14460,,,1,2017-07-24 00:22:28,Michal Biesiada,
OG14459,,,1,2017-07-24 00:22:02,Michal Biesiada,
OG14458,2017 OK8,1,2017-07-24 00:15:18,Michal Biesiada,
OG14457,2017 OJ8,1,2017-07-24 00:14:47,Michal Biesiada,
OG14456,,,1,2017-07-24 00:12:45,Michal Biesiada,
OG14455,,,1,2017-07-24 00:10:28,Michal Biesiada,
OG14454,,,1,2017-07-24 00:10:12,Michal Biesiada,
OG14453,,,1,2017-07-24 00:04:01,Michal Biesiada,
OG14452,,,1,2017-07-24 00:03:19,Michal Biesiada,
OG14451,,,1,2017-07-24 00:03:09,Michal Biesiada,
OG14450,,,1,2017-07-23 23:36:21,Michal Biesiada,
OG14449,2016 EX218,1,2017-07-23 23:31:48,Michal Biesiada,
OG14448,,,1,2017-07-23 23:28:08,Michal Biesiada,
OG14447,,,1,2017-07-23 23:27:49,Michal Biesiada,
OG14446,,,1,2017-07-23 23:27:42,Michal Biesiada,
OG14353,,,1,2017-07-23 02:21:57,Michal Biesiada,
OG14352,,,1,2017-07-23 02:18:59,Michal Biesiada,
OG14351,,,1,2017-07-23 02:13:43,Michal Biesiada,
OG14350,2010 TS22,1,2017-07-23 02:11:11,Michal Biesiada,
OG14349,,,1,2017-07-23 02:10:18,Michal Biesiada,
OG14348,,,1,2017-07-23 02:09:19,Michal Biesiada,
OG14347,,,1,2017-07-23 02:07:17,Michal Biesiada,
OG14346,,,1,2017-07-23 02:06:01,Michal Biesiada,
OG14345,,,1,2017-07-23 02:05:43,Michal Biesiada,
OG14344,2017 PY39,1,2017-07-23 02:05:24,Michal Biesiada,
OG14343,,,1,2017-07-23 01:10:37,Michal Biesiada,
OG14342,,,1,2017-07-23 01:06:29,Michal Biesiada,
OG14341,,,1,2017-07-23 01:05:22,Michal Biesiada,
OG14340,,,1,2017-07-23 01:03:04,Michal Biesiada,
OG14339,,,1,2017-07-23 01:01:07,Michal Biesiada,
OG14338,,,1,2017-07-23 01:00:41,Michal Biesiada,
OG14337,2008 SR304,1,2017-07-23 00:56:59,Michal Biesiada,
OG14336,2016 CT321,1,2017-07-23 00:55:10,Michal Biesiada,
OG14335,,,1,2017-07-23 00:54:26,Michal Biesiada,
OG14334,,,1,2017-07-23 00:51:47,Michal Biesiada,
OG14333,,,1,2017-07-23 00:48:51,Michal Biesiada,
OG14332,,,1,2017-07-23 00:44:02,Michal Biesiada,
OG14331,2016 EC233,1,2017-07-23 00:35:12,Michal Biesiada,
OG14330,,,1,2017-07-23 00:34:38,Michal Biesiada,
OG14329,2017 QE14,1,2017-07-23 00:29:32,Michal Biesiada,
OG14328,,,1,2017-07-23 00:28:59,Michal Biesiada,
OG14327,,,1,2017-07-23 00:28:29,Michal Biesiada,
OG14326,,,1,2017-07-23 00:24:21,Michal Biesiada,
OG14325,2017 QG5,1,2017-07-23 00:22:55,Michal Biesiada,
OG14324,,,1,2017-07-23 00:20:26,Michal Biesiada,
OG14323,,,1,2017-07-23 00:16:46,Michal Biesiada,
OG14322,,,1,2017-07-23 00:13:27,Michal Biesiada,
OG14321,,,1,2017-07-23 00:10:59,Michal Biesiada,
OG14320,,,1,2017-07-23 00:00:03,Michal Biesiada,
OG14319,2017 QK6,1,2017-07-22 23:40:28,Michal Biesiada,
OG14318,,,1,2017-07-22 23:38:05,Michal Biesiada,
OG14317,,,1,2017-07-22 23:37:43,Michal Biesiada,
OG14316,,,1,2017-07-22 23:37:16,Michal Biesiada,
OG14315,,,1,2017-07-22 23:36:57,Michal Biesiada,
OG14314,,,1,2017-07-22 23:35:01,Michal Biesiada,
OG14313,2017 QX22,1,2017-07-22 23:12:39,Michal Biesiada,
OG14312,,,1,2017-07-22 23:11:45,Michal Biesiada,
OG14311,,,1,2017-07-22 23:07:06,Michal Biesiada,
OG14310,,,1,2017-07-22 23:06:26,Michal Biesiada,
OG14309,,,1,2017-07-22 23:06:09,Michal Biesiada,
OG14308,,,1,2017-07-22 23:05:14,Michal Biesiada,
OG14307,,,1,2017-07-22 22:53:48,Michal Biesiada,
OG14306,,,1,2017-07-22 22:49:06,Michal Biesiada,
OG14305,,,1,2017-07-22 22:48:36,Michal Biesiada,
OG14304,,,1,2017-07-22 22:47:57,Michal Biesiada,
OG14303,,,1,2017-07-22 22:47:32,Michal Biesiada,
OG14302,,,1,2017-07-22 22:46:27,Michal Biesiada,
OG14301,2016 EX249,1,2017-07-22 22:36:36,Michal Biesiada,
OG14300,2017 MN9,1,2017-07-22 22:26:03,Michal Biesiada,
OG14299,,,1,2017-07-22 22:19:24,Michal Biesiada,
OG14298,,,1,2017-07-22 22:17:08,Michal Biesiada,
OG14297,,,1,2017-07-22 22:15:44,Michal Biesiada,
OG14296,,,1,2017-07-22 22:09:45,Michal Biesiada,
OG14295,,,1,2017-07-22 22:09:18,Michal Biesiada,
OG14294,,,1,2017-07-22 22:06:59,Michal Biesiada,
OG14205,,,1,2017-07-22 07:28:43,Michal Biesiada,
OG14204,,,1,2017-07-22 07:27:35,Michal Biesiada,
OG14203,,,1,2017-07-22 07:22:17,Michal Biesiada,
OG14202,,,1,2017-07-22 07:20:22,Michal Biesiada,
OG14201,,,1,2017-07-22 07:19:27,Michal Biesiada,
OG14200,,,1,2017-07-22 07:16:19,Michal Biesiada,
OG14199,2016 CA272,1,2017-07-22 07:15:36,Michal Biesiada,
OG14198,,,1,2017-07-22 07:13:57,Michal Biesiada,
OG14197,,,1,2017-07-22 07:12:48,Michal Biesiada,
OG14196,2017 QC37,1,2017-07-22 07:11:32,Michal Biesiada,
OG14195,,,1,2017-07-22 06:58:20,Michal Biesiada,
OG14194,,,1,2017-07-22 06:57:51,Michal Biesiada,
OG14193,,,1,2017-07-22 06:53:29,Michal Biesiada,
OG14192,,,1,2017-07-22 06:52:23,Michal Biesiada,
OG14191,,,1,2017-07-22 06:51:18,Michal Biesiada,
OG14190,,,1,2017-07-22 06:50:58,Michal Biesiada,
OG14189,,,1,2017-07-22 06:50:45,Michal Biesiada,
OG14188,,,1,2017-07-22 06:28:01,Michal Biesiada,
OG14181,,,1,2017-07-21 21:13:11,Michal Biesiada,
OG14180,,,1,2017-07-21 21:09:53,Michal Biesiada,
OG14179,2010 FN112,1,2017-07-21 21:09:36,Michal Biesiada,
OG14178,,,1,2017-07-21 21:02:09,Michal Biesiada,
OG14177,,,1,2017-07-21 20:59:30,Michal Biesiada,
OG14175,,,1,2017-07-21 20:56:13,Michal Biesiada,
OG14174,,,1,2017-07-21 20:54:07,Michal Biesiada,
OG14173,2016 BC97,1,2017-07-21 20:48:17,Michal Biesiada,
OG14172,2017 QL23,1,2017-07-21 20:44:52,Michal Biesiada,
OG14171,2017 QM20,1,2017-07-21 20:26:39,Michal Biesiada,
OG14170,,,1,2017-07-21 20:02:47,Michal Biesiada,
OG14169,,,1,2017-07-21 20:02:22,Michal Biesiada,
OG14168,,,1,2017-07-21 20:00:09,Michal Biesiada,
OG14167,,,1,2017-07-21 19:56:17,Michal Biesiada,
OG14166,,,1,2017-07-21 19:55:11,Michal Biesiada,
OG14165,,,1,2017-07-21 19:42:34,Michal Biesiada,
OG14164,,,1,2017-07-21 19:39:47,Michal Biesiada,
OG14163,2016 AJ205,1,2017-07-21 19:35:11,Michal Biesiada,
OG14162,2011 BW166,1,2017-07-21 19:34:59,Michal Biesiada,
OG14161,,,1,2017-07-21 19:34:31,Michal Biesiada,
OG14160,,,1,2017-07-21 19:30:20,Michal Biesiada,
OG14159,,,1,2017-07-21 19:24:36,Michal Biesiada,
OG14158,2016 ES233,1,2017-07-21 19:24:14,Michal Biesiada,
OG14157,,,1,2017-07-21 19:23:39,Michal Biesiada,
OG14156,,,1,2017-07-21 19:22:06,Michal Biesiada,
OG14152,,,1,2017-07-21 19:04:05,Michal Biesiada,
OG14151,,,1,2017-07-21 18:50:01,Michal Biesiada,
OG14150,2015 CX11,1,2017-07-21 18:49:50,Michal Biesiada,
OG14149,,,1,2017-07-21 18:48:51,Michal Biesiada,
OG14148,,,1,2017-07-21 18:45:49,Michal Biesiada,
OG14147,,,1,2017-07-21 18:44:19,Michal Biesiada,
OG14146,,,1,2017-07-21 18:43:51,Michal Biesiada,
OG14145,,,1,2017-07-21 18:41:40,Michal Biesiada,
OG14144,,,1,2017-07-21 18:39:58,Michal Biesiada,
OG14143,,,1,2017-07-21 18:39:41,Michal Biesiada,
OG14142,,,1,2017-07-21 18:37:02,Michal Biesiada,
OG14141,,,1,2017-07-21 18:36:48,Michal Biesiada,
OG14140,,,1,2017-07-21 18:36:34,Michal Biesiada,
OG14139,,,1,2017-07-21 18:28:58,Michal Biesiada,
OG14138,,,1,2017-07-21 18:27:11,Michal Biesiada,
OG14137,,,1,2017-07-21 18:22:54,Michal Biesiada,
OG14136,,,1,2017-07-21 18:22:05,Michal Biesiada,
OG14135,,,1,2017-07-21 18:18:54,Michal Biesiada,
OG14134,2016 GG262,1,2017-07-21 18:15:12,Michal Biesiada,
OG14133,,,1,2017-07-21 18:13:06,Michal Biesiada,
OG14132,,,1,2017-07-21 18:06:28,Michal Biesiada,
OG14131,,,1,2017-07-21 18:05:43,Michal Biesiada,
OG14130,,,1,2017-07-21 18:04:26,Michal Biesiada,
OG14129,,,1,2017-07-21 17:59:51,Michal Biesiada,
OG14128,,,1,2017-07-21 17:58:00,Michal Biesiada,
OG14127,2016 EG232,1,2017-07-21 17:54:33,Michal Biesiada,
OG14126,,,1,2017-07-21 17:51:19,Michal Biesiada,
OG14125,,,1,2017-07-21 17:50:52,Michal Biesiada,
OG14124,,,1,2017-07-21 17:47:46,Michal Biesiada,
OG14123,,,1,2017-07-21 17:45:48,Michal Biesiada,
OG14122,,,1,2017-07-21 17:43:22,Michal Biesiada,
OG14121,2017 MC10,1,2017-07-21 17:38:08,Michal Biesiada,
OG14120,,,1,2017-07-21 17:34:33,Michal Biesiada,
OG14119,,,1,2017-07-21 17:11:10,Michal Biesiada,
OG14118,,,1,2017-07-21 17:05:15,Michal Biesiada,
OG14117,2014 QD440,1,2017-07-21 17:04:58,Michal Biesiada,
OG14116,,,1,2017-07-21 17:01:42,Michal Biesiada,
OG14115,,,1,2017-07-21 16:57:25,Michal Biesiada,
OG14010,,,1,2017-06-24 08:59:33,Michal Biesiada,
OG14009,,,1,2017-06-24 08:23:48,Michal Biesiada,
OG14008,,,1,2017-06-24 07:48:14,Michal Biesiada,(mab) very bright!
OG14007,2013 LR30,1,2017-06-24 07:45:03,Michal Biesiada,
OG14006,,,1,2017-06-24 07:44:13,Michal Biesiada,
OG14005,,,1,2017-06-24 07:43:55,Michal Biesiada,
OG14004,2013 VT25,1,2017-06-24 07:32:41,Michal Biesiada,
OG13999,,,1,2017-06-23 00:19:50,Michal Biesiada,
OG13998,,,1,2017-06-22 23:04:58,Michal Biesiada,
OG13997,,,1,2017-06-22 23:00:04,Michal Biesiada,
OG13996,,,1,2017-06-22 22:47:30,Michal Biesiada,
OG13986,,,1,2017-06-22 18:13:46,Michal Biesiada,
OG13984,,,1,2017-06-22 17:52:34,Michal Biesiada,
OG13983,,,1,2017-06-22 17:50:49,Michal Biesiada,
OG13973,,,1,2017-06-22 11:10:49,Michal Biesiada,
OG13972,,,1,2017-06-22 11:07:32,Michal Biesiada,
OG13971,,,1,2017-06-22 11:04:40,Michal Biesiada,
OG13970,2016 BK24,1,2017-06-22 11:03:00,Michal Biesiada,
OG13944,,,1,2017-05-28 18:29:00,Michal Biesiada,
OG13943,2018 NS14,1,2017-05-28 18:28:42,Michal Biesiada,
OG13942,,,1,2017-05-28 18:27:03,Michal Biesiada,
OG13941,,,1,2017-05-28 18:22:53,Michal Biesiada,
OG13940,,,1,2017-05-28 18:20:57,Michal Biesiada,
OG13939,,,1,2017-05-28 18:19:13,Michal Biesiada,
OG13938,,,1,2017-05-28 18:17:29,Michal Biesiada,
OG13937,,,1,2017-05-28 18:14:55,Michal Biesiada,
OG13936,,,1,2017-05-28 18:11:00,Michal Biesiada,
OG13935,,,1,2017-05-28 18:09:45,Michal Biesiada,
OG13934,,,1,2017-05-28 18:09:30,Michal Biesiada,
OG13933,,,1,2017-05-28 18:07:36,Michal Biesiada,
OG13932,,,1,2017-05-28 17:57:48,Michal Biesiada,
OG13931,,,1,2017-05-28 17:57:07,Michal Biesiada,
OG13930,,,1,2017-05-28 17:56:01,Michal Biesiada,
OG13929,2005 US345,1,2017-05-28 17:54:45,Michal Biesiada,
OG13928,,,1,2017-05-28 17:54:32,Michal Biesiada,
OG13927,,,1,2017-05-28 17:51:06,Michal Biesiada,
OG13926,,,1,2017-05-28 17:50:19,Michal Biesiada,
OG13925,2014 WW105,1,2017-05-28 17:46:52,Michal Biesiada,
OG13924,,,1,2017-05-28 17:46:34,Michal Biesiada,
OG13923,,,1,2017-05-28 17:45:46,Michal Biesiada,
OG13922,,,1,2017-05-28 17:37:01,Michal Biesiada,
OG13921,,,1,2017-05-28 17:30:28,Michal Biesiada,
OG13920,,,1,2017-05-28 17:28:53,Michal Biesiada,
OG13919,,,1,2017-05-28 17:26:18,Michal Biesiada,
OG13918,,,1,2017-05-28 17:25:46,Michal Biesiada,
OG13917,2016 AV265,1,2017-05-28 17:17:27,Michal Biesiada,
OG13916,,,1,2017-05-28 17:11:00,Michal Biesiada,
OG13915,,,1,2017-05-28 17:10:38,Michal Biesiada,
OG13914,,,1,2017-05-28 17:07:43,Michal Biesiada,
OG13913,,,1,2017-05-28 17:05:54,Michal Biesiada,
OG13912,,,1,2017-05-28 17:02:53,Michal Biesiada,
OG13911,,,1,2017-05-28 16:47:18,Michal Biesiada,
OG13910,,,1,2017-05-28 16:45:05,Michal Biesiada,
OG13909,,,1,2017-05-28 16:43:06,Michal Biesiada,
OG13887,,,1,2017-05-28 00:06:08,Michal Biesiada,
OG13886,,,1,2017-05-28 00:05:45,Michal Biesiada,
OG13885,,,1,2017-05-28 00:05:33,Michal Biesiada,
OG13884,,,1,2017-05-28 00:03:07,Michal Biesiada,
OG13883,2017 KD36,1,2017-05-27 23:59:23,Michal Biesiada,
OG13882,,,1,2017-05-27 23:54:35,Michal Biesiada,
OG13881,,,1,2017-05-27 23:44:01,Michal Biesiada,
OG13880,,,1,2017-05-27 23:41:22,Michal Biesiada,
OG13879,,,1,2017-05-27 23:37:36,Michal Biesiada,
OG13878,2010 UF110,1,2017-05-27 23:35:45,Michal Biesiada,
OG13877,2016 CZ277,1,2017-05-27 23:31:52,Michal Biesiada,
OG13876,,,1,2017-05-27 23:31:02,Michal Biesiada,
OG13875,,,1,2017-05-27 23:30:50,Michal Biesiada,
OG13874,,,1,2017-05-27 23:21:09,Michal Biesiada,
OG13873,2017 KE36,1,2017-05-27 23:20:56,Michal Biesiada,
OG13872,2016 AS237,1,2017-05-27 23:19:08,Michal Biesiada,
OG13871,,,1,2017-05-27 23:15:26,Michal Biesiada,
OG13870,2017 KG30,1,2017-05-27 23:15:04,Michal Biesiada,
OG13869,,,1,2017-05-27 23:14:06,Michal Biesiada,
OG13868,,,1,2017-05-27 23:10:45,Michal Biesiada,
OG13867,2014 WR517,1,2017-05-27 23:09:40,Michal Biesiada,
OG13866,,,1,2017-05-27 23:07:31,Michal Biesiada,
OG13865,,,1,2017-05-27 22:58:59,Michal Biesiada,
OG13864,,,1,2017-05-27 22:57:01,Michal Biesiada,
OG13863,,,1,2017-05-27 22:56:32,Michal Biesiada,
OG13862,,,1,2017-05-27 22:54:43,Michal Biesiada,
OG13861,2017 HW61,1,2017-05-27 22:39:37,Michal Biesiada,
OG13860,,,1,2017-05-27 22:38:35,Michal Biesiada,
OG13840,2017 KH36,1,2017-05-26 19:06:48,Michal Biesiada,
OG13839,2017 KJ36,1,2017-05-26 19:03:22,Michal Biesiada,
OG13838,,,1,2017-05-26 19:02:52,Michal Biesiada,
OG13837,,,1,2017-05-26 18:58:37,Michal Biesiada,
OG13836,2017 KW36,1,2017-05-26 18:58:15,Michal Biesiada,
OG13835,,,1,2017-05-26 18:57:34,Michal Biesiada,
OG13834,,,1,2017-05-26 18:54:01,Michal Biesiada,
OG13833,2014 UK119,1,2017-05-26 18:49:46,Michal Biesiada,
OG13832,2016 EY172,1,2017-05-26 18:42:07,Michal Biesiada,
OG13831,2017 KS36,1,2017-05-26 18:40:44,Michal Biesiada,
OG13830,2017 KS11,1,2017-05-26 18:37:04,Michal Biesiada,
OG13829,2011 HL104,1,2017-05-26 18:36:56,Michal Biesiada,
OG13828,2017 KR36,1,2017-05-26 18:36:47,Michal Biesiada,
OG13827,2017 KK36,1,2017-05-26 18:28:28,Michal Biesiada,
OG13826,2016 AF269,1,2017-05-26 18:27:28,Michal Biesiada,
OG13825,,,1,2017-05-26 18:27:10,Michal Biesiada,
OG13824,2015 AW21,1,2017-05-26 18:25:58,Michal Biesiada,
OG13823,2017 KQ36,1,2017-05-26 18:20:35,Michal Biesiada,
OG13822,2017 KZ11,1,2017-05-26 18:20:17,Michal Biesiada,
OG13821,2017 KY36,1,2017-05-26 18:17:20,Michal Biesiada,
OG13820,2017 KZ36,1,2017-05-26 18:15:53,Michal Biesiada,
OG13819,2017 KX36,1,2017-05-26 18:14:02,Michal Biesiada,
OG13818,,,1,2017-05-26 18:13:28,Michal Biesiada,
OG13817,2016 CG307,1,2017-05-26 18:12:39,Michal Biesiada,
OG13816,,,1,2017-05-26 18:11:31,Michal Biesiada,
OG13815,,,1,2017-05-26 18:06:48,Michal Biesiada,
OG13814,2017 KU35,1,2017-05-26 18:03:34,Michal Biesiada,
OG13813,2017 KL36,1,2017-05-26 18:02:40,Michal Biesiada,
OG13812,2017 KR11,1,2017-05-26 18:01:27,Michal Biesiada,
OG13811,2017 KM36,1,2017-05-26 17:58:56,Michal Biesiada,
OG13810,,,1,2017-05-26 17:56:51,Michal Biesiada,
OG13809,2010 HP34,1,2017-05-26 17:56:35,Michal Biesiada,
OG13808,2017 KN36,1,2017-05-26 17:55:52,Michal Biesiada,
OG13807,2017 KT36,1,2017-05-26 17:51:13,Michal Biesiada,
OG13806,2017 KO36,1,2017-05-26 17:51:04,Michal Biesiada,
OG13805,2017 KA37,1,2017-05-26 17:50:06,Michal Biesiada,
OG13804,,,1,2017-05-26 17:39:16,Michal Biesiada,
OG13803,2017 KB37,1,2017-05-26 17:31:52,Michal Biesiada,
OG13802,2017 KC37,1,2017-05-26 17:31:30,Michal Biesiada,
OG13801,2017 KM37,1,2017-05-26 17:31:14,Michal Biesiada,
OG13800,,,1,2017-05-26 17:29:11,Michal Biesiada,
OG13799,,,1,2017-05-26 17:24:39,Michal Biesiada,
OG13798,2017 KV11,1,2017-05-26 17:20:36,Michal Biesiada,
OG13797,2017 KP36,1,2017-05-26 17:17:52,Michal Biesiada,
OG13796,2017 KU36,1,2017-05-26 17:15:30,Michal Biesiada,
OG13795,,,1,2017-05-26 17:14:42,Michal Biesiada,
OG13794,2017 KH37,1,2017-05-26 17:12:14,Michal Biesiada,
OG13793,2017 KM31,1,2017-05-26 17:10:08,Michal Biesiada,
OG13792,2017 KD12,1,2017-05-26 17:04:30,Michal Biesiada,
OG13791,2000 SD77,1,2017-05-26 17:03:56,Michal Biesiada,
OG13789,,,1,2017-05-26 16:58:20,Michal Biesiada,
OG13788,,,1,2017-05-26 16:55:18,Michal Biesiada,
OG13787,2014 SQ364,1,2017-05-26 16:55:06,Michal Biesiada,
OG13786,2017 KN37,1,2017-05-26 16:52:54,Michal Biesiada,
OG13785,2017 KF37,1,2017-05-26 16:52:27,Michal Biesiada,
OG13783,,,1,2017-05-26 16:51:46,Michal Biesiada,
OG13782,2017 KG37,1,2017-05-26 16:50:02,Michal Biesiada,
OG13781,2017 KE37,1,2017-05-26 16:49:44,Michal Biesiada,
OG13780,2017 KD37,1,2017-05-26 16:49:04,Michal Biesiada,
OG13779,,,1,2017-05-26 16:45:02,Michal Biesiada,
OG13778,,,1,2017-05-26 16:43:03,Michal Biesiada,
OG13777,2017 KV36,1,2017-05-26 16:41:36,Michal Biesiada,
OG13776,2016 CJ303,1,2017-05-26 16:39:55,Michal Biesiada,
OG13775,,,1,2017-05-26 16:38:45,Michal Biesiada,
OG13774,2017 KK37,1,2017-05-26 16:31:13,Michal Biesiada,
OG13773,2016 BT87,1,2017-05-26 16:30:53,Michal Biesiada,
OG13772,2017 KJ37,1,2017-05-26 16:30:24,Michal Biesiada,
OG13771,2013 EM106,1,2017-05-26 16:26:54,Michal Biesiada,
OG13691,2017 KV32,1,2017-05-26 00:16:21,Michal Biesiada,
OG13690,2017 KW32,1,2017-05-25 21:02:07,Michal Biesiada,
OG13689,2017 MK9,1,2017-05-25 20:53:52,Michal Biesiada,
OG13688,,,1,2017-05-25 20:46:58,Michal Biesiada,
OG13680,2017 KY27,1,2017-05-24 20:59:36,Michal Biesiada,
OG13679,2016 DY29,1,2017-05-24 20:58:33,Michal Biesiada,
OG13678,,,1,2017-05-24 20:56:03,Michal Biesiada,
OG13677,,,1,2017-05-24 20:55:06,Michal Biesiada,
OG13676,,,1,2017-05-24 20:51:56,Michal Biesiada,
OG13675,,,1,2017-05-24 20:44:50,Michal Biesiada,
OG13674,,,1,2017-05-24 20:42:37,Michal Biesiada,
OG13673,,,1,2017-05-24 20:40:12,Michal Biesiada,
OG13672,2017 KF28,1,2017-05-24 20:24:43,Michal Biesiada,
OG13671,,,1,2017-05-24 20:14:28,Michal Biesiada,
OG13670,,,1,2017-05-24 20:13:35,Michal Biesiada,
OG13669,,,1,2017-05-24 20:11:11,Michal Biesiada,
OG13668,,,1,2017-05-24 20:10:57,Michal Biesiada,
OG13667,,,1,2017-05-24 20:09:32,Michal Biesiada,
OG13666,,,1,2017-05-24 20:04:46,Michal Biesiada,
OG13665,,,1,2017-05-24 20:02:57,Michal Biesiada,
OG13664,,,1,2017-05-24 20:01:11,Michal Biesiada,
OG13663,2017 KM28,1,2017-05-24 19:56:39,Michal Biesiada,
OG13662,,,1,2017-05-24 19:56:23,Michal Biesiada,
OG13661,,,1,2017-05-24 19:53:52,Michal Biesiada,
OG13660,2017 KL28,1,2017-05-24 19:51:28,Michal Biesiada,
OG13659,2017 KK28,1,2017-05-24 19:50:40,Michal Biesiada,
OG13658,,,1,2017-05-24 19:42:42,Michal Biesiada,
OG13657,2015 AK246,1,2017-05-24 19:39:11,Michal Biesiada,
OG13656,2017 KD28,1,2017-05-24 19:35:49,Michal Biesiada,
OG13655,,,1,2017-05-24 19:33:06,Michal Biesiada,
OG13654,,,1,2017-05-24 19:32:00,Michal Biesiada,
OG13653,,,1,2017-05-24 19:30:36,Michal Biesiada,
OG13618,2017 KZ12,1,2017-05-24 01:07:38,Michal Biesiada,
OG13617,,,1,2017-05-24 01:05:31,Michal Biesiada,
OG13616,2017 KR32,1,2017-05-24 00:59:25,Michal Biesiada,
OG13615,,,1,2017-05-24 00:56:15,Michal Biesiada,
OG13614,2017 KU32,1,2017-05-24 00:50:48,Michal Biesiada,
OG13612,2015 AX161,1,2017-05-24 00:34:46,Michal Biesiada,
OG13611,2017 KO12,1,2017-05-24 00:33:46,Michal Biesiada,
OG13610,,,1,2017-05-24 00:29:36,Michal Biesiada,
OG13609,2017 KS32,1,2017-05-24 00:27:02,Michal Biesiada,
OG13607,,,1,2017-05-24 00:20:53,Michal Biesiada,
OG13606,,,1,2017-05-24 00:20:03,Michal Biesiada,
OG13605,2017 KO32,1,2017-05-24 00:09:11,Michal Biesiada,
OG13604,,,1,2017-05-24 00:02:42,Michal Biesiada,
OG13603,,,1,2017-05-24 00:01:07,Michal Biesiada,
OG13602,2017 KN32,1,2017-05-24 00:00:04,Michal Biesiada,
OG13601,2017 KM32,1,2017-05-23 23:56:43,Michal Biesiada,
OG13599,2017 KQ32,1,2017-05-23 23:42:19,Michal Biesiada,
OG13598,,,1,2017-05-23 23:33:26,Michal Biesiada,
OG13597,2017 KP32,1,2017-05-23 23:31:24,Michal Biesiada,
OG13574,,,1,2017-04-29 00:19:41,Michal Biesiada,
OG13573,2017 HT14,1,2017-04-29 00:18:54,Michal Biesiada,
OG13572,,,1,2017-04-29 00:12:43,Michal Biesiada,
OG13571,2017 HA15,1,2017-04-29 00:10:07,Michal Biesiada,
OG13570,,,1,2017-04-29 00:01:53,Michal Biesiada,
OG13569,2017 HN61,1,2017-04-29 00:01:30,Michal Biesiada,
OG13568,,,1,2017-04-29 00:00:46,Michal Biesiada,
OG13567,,,1,2017-04-29 00:00:28,Michal Biesiada,
OG13566,,,1,2017-04-28 23:59:20,Michal Biesiada,
OG13565,,,1,2017-04-28 23:56:36,Michal Biesiada,
OG13564,,,1,2017-04-28 23:46:26,Michal Biesiada,
OG13563,2017 HS15,1,2017-04-28 23:44:31,Michal Biesiada,
OG13562,2017 HG15,1,2017-04-28 23:43:56,Michal Biesiada,
OG13561,2017 HO61,1,2017-04-28 23:42:24,Michal Biesiada,
OG13560,2017 HP61,1,2017-04-28 23:40:56,Michal Biesiada,
OG13559,,,1,2017-04-28 23:38:53,Michal Biesiada,
OG13558,2017 HW15,1,2017-04-28 23:36:53,Michal Biesiada,
OG13557,,,1,2017-04-28 23:34:48,Michal Biesiada,
OG13556,,,1,2017-04-28 23:28:15,Michal Biesiada,
OG13555,,,1,2017-04-28 23:10:07,Michal Biesiada,
OG13554,,,1,2017-04-28 23:08:57,Michal Biesiada,
OG13553,2017 HQ61,1,2017-04-28 23:05:06,Michal Biesiada,
OG13552,2017 HR61,1,2017-04-28 22:57:49,Michal Biesiada,
OG13551,,,1,2017-04-28 20:45:53,Michal Biesiada,
OG13502,,,1,2017-04-06 17:53:56,Michal Biesiada,
OG13501,,,1,2017-04-06 13:21:49,Michal Biesiada,
OG13500,2010 EC101,1,2017-04-03 22:01:20,Michal Biesiada,
OG13498,,,1,2017-03-30 08:45:40,Michal Biesiada,
OG13497,,,1,2017-03-30 08:36:50,Michal Biesiada,
OG13496,2017 CA35,1,2017-03-30 08:29:57,Michal Biesiada,
OG13495,,,1,2017-03-30 08:03:09,Michal Biesiada,
OG13494,,,1,2017-03-30 07:35:49,Michal Biesiada,
OG13493,,,1,2017-03-30 07:23:02,Michal Biesiada,
OG13492,,,1,2017-03-30 07:01:16,Michal Biesiada,
OG13491,,,1,2017-03-30 06:59:04,Michal Biesiada,
OG13489,,,1,2017-03-29 22:41:57,Michal Biesiada,
OG13488,,,1,2017-03-29 22:35:15,Michal Biesiada,
OG13487,2015 XH205,1,2017-03-29 22:28:10,Michal Biesiada,
OG13486,,,1,2017-03-29 22:16:22,Michal Biesiada,
OG13485,2016 AN240,1,2017-03-29 22:01:28,Michal Biesiada,
OG13484,,,1,2017-03-29 21:59:56,Michal Biesiada,
OG13483,,,1,2017-03-29 07:03:48,Michal Biesiada,
OG13482,,,1,2017-03-29 07:02:44,Michal Biesiada,
OG13463,,,1,2017-03-27 23:28:48,Michal Biesiada,
OG13462,,,1,2017-03-27 23:27:36,Michal Biesiada,
OG13461,,,1,2017-03-27 23:27:02,Michal Biesiada,
OG13460,,,1,2017-03-27 23:17:18,Michal Biesiada,
OG13459,,,1,2017-03-27 23:12:57,Michal Biesiada,
OG13458,,,1,2017-03-27 23:10:50,Michal Biesiada,
OG13457,,,1,2017-03-27 23:04:57,Michal Biesiada,
OG13456,,,1,2017-03-27 22:59:45,Michal Biesiada,
OG13455,,,1,2017-03-27 22:46:21,Michal Biesiada,
OG13452,,,1,2017-03-27 22:20:19,Michal Biesiada,
OG13447,,,1,2017-03-26 21:47:47,Michal Biesiada,
OG13446,,,1,2017-03-26 21:43:21,Michal Biesiada,
OG13445,2017 FL103,1,2017-03-26 21:40:50,Michal Biesiada,
OG13444,2017 FE103,1,2017-03-26 21:11:41,Michal Biesiada,
OG13443,2017 FB103,1,2017-03-26 21:03:09,Michal Biesiada,
OG13442,2017 FO103,1,2017-03-26 21:02:00,Michal Biesiada,
OG13441,,,1,2017-03-26 20:40:30,Michal Biesiada,
OG13440,,,1,2017-03-26 20:35:22,Michal Biesiada,
OG13439,2017 FR103,1,2017-03-26 20:24:15,Michal Biesiada,
OG13438,2017 FC103,1,2017-03-26 19:51:46,Michal Biesiada,
OG13437,2017 HT5,1,2017-03-26 19:27:29,Michal Biesiada,
OG13425,2017 FK7,1,2017-02-26 19:01:04,Michal Biesiada,
OG13424,,,1,2017-02-26 19:00:25,Michal Biesiada,
OG13423,,,1,2017-02-26 18:58:39,Michal Biesiada,
OG13422,,,1,2017-02-26 18:52:12,Michal Biesiada,
OG13421,,,1,2017-02-26 18:50:24,Michal Biesiada,
OG13420,2017 FV126,1,2017-02-26 18:50:10,Michal Biesiada,
OG13419,,,1,2017-02-26 18:46:01,Michal Biesiada,
OG13418,,,1,2017-02-26 18:43:53,Michal Biesiada,
OG13417,2017 FL4,1,2017-02-26 17:54:53,Michal Biesiada,
OG13416,,,1,2017-02-26 17:47:38,Michal Biesiada,
OG13415,,,1,2017-02-26 17:46:15,Michal Biesiada,
OG13414,,,1,2017-02-26 17:36:02,Michal Biesiada,
OG13413,2017 EV16,1,2017-02-26 17:34:20,Michal Biesiada,
OG13412,2017 EC17,1,2017-02-26 17:31:30,Michal Biesiada,
OG13411,2017 DG89,1,2017-02-26 17:11:40,Michal Biesiada,
OG13410,,,1,2017-02-26 17:10:48,Michal Biesiada,
OG13409,,,1,2017-02-26 16:56:53,Michal Biesiada,
OG13407,,,1,2017-02-26 16:51:52,Michal Biesiada,
OG13406,,,1,2017-02-26 16:47:36,Michal Biesiada,
OG13403,,,1,2017-02-26 16:30:56,Michal Biesiada,
OG13402,,,1,2017-02-26 16:29:17,Michal Biesiada,
OG13371,2003 HE58,1,2017-02-25 20:56:28,Michal Biesiada,
OG13370,2017 DX72,1,2017-02-25 20:50:32,Michal Biesiada,
OG13369,2017 DZ72,1,2017-02-25 20:49:53,Michal Biesiada,
OG13368,2017 DE73,1,2017-02-25 20:44:20,Michal Biesiada,
OG13367,2017 DM69,1,2017-02-25 20:41:19,Michal Biesiada,
OG13366,2017 DK69,1,2017-02-25 20:36:16,Michal Biesiada,
OG13365,2017 DA69,1,2017-02-25 20:31:59,Michal Biesiada,
OG13364,2017 EB21,1,2017-02-25 20:05:17,Michal Biesiada,
OG13363,2017 FA10,1,2017-02-25 20:04:29,Michal Biesiada,
OG13362,2017 EJ14,1,2017-02-25 19:50:27,Michal Biesiada,
OG13361,2017 DT115,1,2017-02-25 19:44:01,Michal Biesiada,
OG13360,2017 EK14,1,2017-02-25 19:35:53,Michal Biesiada,
OG13359,2017 FR54,1,2017-02-25 19:23:56,Michal Biesiada,
OG13358,2017 FM10,1,2017-02-25 18:48:58,Michal Biesiada,
OG13357,,,1,2017-02-25 18:38:39,Michal Biesiada,
OG13351,2017 DG87,1,2017-02-24 20:41:01,Michal Biesiada,
OG13329,,,1,2017-01-30 00:48:44,Michal Biesiada,
OG13328,,,1,2017-01-30 00:45:29,Michal Biesiada,
OG13327,,,1,2017-01-30 00:43:39,Michal Biesiada,
OG13326,,,1,2017-01-30 00:39:17,Michal Biesiada,
OG13325,,,1,2017-01-30 00:38:41,Michal Biesiada,
OG13324,,,1,2017-01-30 00:35:14,Michal Biesiada,
OG13323,,,1,2017-01-30 00:34:50,Michal Biesiada,
OG13322,,,1,2017-01-30 00:30:42,Michal Biesiada,
OG13321,,,1,2017-01-30 00:28:43,Michal Biesiada,
OG13320,,,1,2017-01-30 00:25:59,Michal Biesiada,
OG13319,,,1,2017-01-30 00:25:10,Michal Biesiada,
OG13318,2000 CU128,1,2017-01-29 14:40:52,Michal Biesiada,
OG13317,2017 CD13,1,2017-01-29 14:35:19,Michal Biesiada,
OG13316,2017 BK10,1,2017-01-29 14:32:53,Michal Biesiada,
OG13315,,,1,2017-01-29 14:28:53,Michal Biesiada,
OG13313,2017 BK49,1,2017-01-29 10:39:52,Michal Biesiada,
OG13312,,,1,2017-01-29 00:26:24,Michal Biesiada,
OG13311,,,1,2017-01-28 23:50:12,Michal Biesiada,
OG13310,,,1,2017-01-28 23:46:06,Michal Biesiada,
OG13309,2007 FY52,1,2017-01-28 23:25:56,Michal Biesiada,
OG13308,,,1,2017-01-28 23:22:43,Michal Biesiada,
OG13307,2017 CL13,1,2017-01-28 23:22:10,Michal Biesiada,
OG13306,,,1,2017-01-28 23:19:38,Michal Biesiada,
OG13305,2017 BX21,1,2017-01-28 23:17:50,Michal Biesiada,
OG13304,2017 BT21,1,2017-01-28 23:16:40,Michal Biesiada,
OG13303,,,1,2017-01-28 23:09:10,Michal Biesiada,
OG13302,,,1,2017-01-28 23:07:03,Michal Biesiada,
OG13301,,,1,2017-01-28 23:04:38,Michal Biesiada,
OG13300,,,1,2017-01-28 23:01:53,Michal Biesiada,
OG13299,2017 BX50,1,2017-01-28 22:53:38,Michal Biesiada,
OG13298,,,1,2017-01-28 22:46:35,Michal Biesiada,
OG13297,2017 BX56,1,2017-01-28 22:44:41,Michal Biesiada,
OG13296,,,1,2017-01-28 22:44:18,Michal Biesiada,
OG13295,,,1,2017-01-28 22:44:07,Michal Biesiada,
OG13294,2017 BL100,1,2017-01-28 22:29:17,Michal Biesiada,
OG13293,,,1,2017-01-28 22:28:30,Michal Biesiada,
OG13292,2009 CY66,1,2017-01-28 22:26:55,Michal Biesiada,
OG13290,2014 MQ77,1,2017-01-28 22:17:45,Michal Biesiada,
OG13289,,,1,2017-01-28 22:16:31,Michal Biesiada,
OG13288,,,1,2017-01-28 22:15:01,Michal Biesiada,
OG13287,,,1,2017-01-28 22:12:00,Michal Biesiada,
OG13286,,,1,2017-01-28 22:11:14,Michal Biesiada,
OG13284,,,1,2017-01-28 22:03:17,Michal Biesiada,
OG13283,,,1,2017-01-28 21:59:13,Michal Biesiada,
OG13282,2017 CN13,1,2017-01-28 21:46:54,Michal Biesiada,
OG13281,,,1,2017-01-28 21:14:09,Michal Biesiada,
OG13280,,,1,2017-01-28 21:13:05,Michal Biesiada,
OG13279,,,1,2017-01-28 20:55:12,Michal Biesiada,
OG13278,,,1,2017-01-28 20:49:55,Michal Biesiada,
OG13277,,,1,2017-01-28 20:28:23,Michal Biesiada,
OG13276,2017 BU50,1,2017-01-28 20:27:05,Michal Biesiada,
OG13275,,,1,2017-01-28 20:03:14,Michal Biesiada,
OG13274,,,1,2017-01-28 19:48:19,Michal Biesiada,
OG13273,2017 BN10,1,2017-01-28 19:31:53,Michal Biesiada,
OG13272,,,1,2017-01-28 19:31:10,Michal Biesiada,
OG13271,2017 BF51,1,2017-01-28 19:28:56,Michal Biesiada,
OG13270,2017 BD34,1,2017-01-28 19:21:02,Michal Biesiada,
OG13269,,,1,2017-01-28 19:18:53,Michal Biesiada,
OG13268,,,1,2017-01-28 19:18:19,Michal Biesiada,
OG13267,,,1,2017-01-28 19:17:57,Michal Biesiada,
OG13266,2017 BF83,1,2017-01-28 19:17:17,Michal Biesiada,
OG13265,,,1,2017-01-28 19:10:22,Michal Biesiada,
OG13264,2017 BG83,1,2017-01-28 19:09:08,Michal Biesiada,
OG13263,2017 BM20,1,2017-01-28 19:07:17,Michal Biesiada,
OG13262,,,1,2017-01-28 18:56:58,Michal Biesiada,
OG13261,2017 BN20,1,2017-01-28 18:55:05,Michal Biesiada,
OG13260,2017 BH17,1,2017-01-28 18:52:24,Michal Biesiada,
OG13259,2017 BZ19,1,2017-01-28 18:51:52,Michal Biesiada,
OG13258,2017 BY19,1,2017-01-28 18:50:53,Michal Biesiada,
OG13257,,,1,2017-01-28 18:44:03,Michal Biesiada,
OG13256,2017 BN17,1,2017-01-28 18:38:17,Michal Biesiada,
OG13255,,,1,2017-01-28 18:35:44,Michal Biesiada,
OG13254,,,1,2017-01-28 18:20:33,Michal Biesiada,
OG13253,2017 BG22,1,2017-01-28 18:06:57,Michal Biesiada,
OG13252,2017 BQ22,1,2017-01-28 18:03:01,Michal Biesiada,
OG13251,2017 BZ22,1,2017-01-28 18:01:57,Michal Biesiada,
OG13250,,,1,2017-01-28 18:01:10,Michal Biesiada,
OG13249,,,1,2017-01-28 17:51:52,Michal Biesiada,
OG13248,,,1,2017-01-28 17:47:17,Michal Biesiada,
OG13247,,,1,2017-01-28 17:43:58,Michal Biesiada,
OG13246,2017 BP33,1,2017-01-28 17:42:18,Michal Biesiada,
OG13245,,,1,2017-01-28 17:32:20,Michal Biesiada,
OG13244,,,1,2017-01-28 17:29:32,Michal Biesiada,
OG13243,,,1,2017-01-28 17:27:26,Michal Biesiada,
OG13242,2017 BU21,1,2017-01-28 17:25:43,Michal Biesiada,
OG13241,2012 DW35,1,2017-01-28 17:24:44,Michal Biesiada,
OG13240,,,1,2017-01-28 17:14:22,Michal Biesiada,
OG13238,,,1,2017-01-28 17:11:07,Michal Biesiada,
OG13237,2008 AZ139,1,2017-01-28 17:07:20,Michal Biesiada,
OG13236,,,1,2017-01-28 17:02:41,Michal Biesiada,
OG13235,2017 BO57,1,2017-01-28 16:57:03,Michal Biesiada,
OG13234,,,1,2017-01-28 16:43:59,Michal Biesiada,
OG13232,,,1,2017-01-28 16:28:27,Michal Biesiada,
OG13231,,,1,2017-01-28 16:08:31,Michal Biesiada,
OG13182,2017 DC32,1,2017-01-27 19:30:31,Michal Biesiada,
OG13181,,,1,2017-01-27 19:29:11,Michal Biesiada,
OG13180,,,1,2017-01-27 19:19:15,Michal Biesiada,
OG13179,,,1,2017-01-27 19:07:08,Michal Biesiada,
OG13178,2017 CJ7,1,2017-01-27 18:55:43,Michal Biesiada,
OG13177,,,1,2017-01-27 18:53:50,Michal Biesiada,
OG13176,,,1,2017-01-27 18:52:51,Michal Biesiada,
OG13175,2005 RD41,1,2017-01-27 18:50:11,Michal Biesiada,
OG13174,,,1,2017-01-27 18:47:05,Michal Biesiada,
OG13173,2017 DQ31,1,2017-01-27 18:44:07,Michal Biesiada,
OG13172,2011 PH14,1,2017-01-27 18:36:44,Michal Biesiada,
OG13171,2017 DG25,1,2017-01-27 16:51:40,Michal Biesiada,
OG13170,2017 DN13,1,2017-01-27 16:44:41,Michal Biesiada,
OG13169,,,1,2017-01-27 16:31:59,Michal Biesiada,
OG13168,2017 DX114,1,2017-01-27 16:12:29,Michal Biesiada,
OG13167,,,1,2017-01-27 16:07:33,Michal Biesiada,
OG13166,2017 DA27,1,2017-01-27 15:51:14,Michal Biesiada,
OG13165,2015 XU405,1,2017-01-27 15:48:36,Michal Biesiada,
OG13164,,,1,2017-01-27 15:44:09,Michal Biesiada,
OG13163,2017 DY79,1,2017-01-27 15:32:40,Michal Biesiada,
OG13162,,,1,2017-01-27 15:11:43,Michal Biesiada,
OG13161,2017 DH30,1,2017-01-27 14:47:49,Michal Biesiada,
OG13160,,,1,2017-01-27 14:26:20,Michal Biesiada,
OG13159,,,1,2017-01-27 14:06:40,Michal Biesiada,
OG13158,,,1,2017-01-27 13:51:57,Michal Biesiada,
OG13157,2017 DZ29,1,2017-01-27 13:48:43,Michal Biesiada,
OG13156,2017 DZ31,1,2017-01-27 13:47:18,Michal Biesiada,
OG13155,2017 DW114,1,2017-01-27 13:33:56,Michal Biesiada,
OG13154,2017 DX31,1,2017-01-27 13:30:29,Michal Biesiada,
OG13153,,,1,2017-01-27 13:23:09,Michal Biesiada,
OG13152,,,1,2017-01-27 13:20:25,Michal Biesiada,
OG13151,,,1,2017-01-27 13:13:11,Michal Biesiada,
OG13150,,,1,2017-01-27 13:12:36,Michal Biesiada,
OG13149,2017 DT24,1,2017-01-27 13:03:09,Michal Biesiada,
OG13148,,,1,2017-01-27 12:48:13,Michal Biesiada,
OG13147,,,1,2017-01-27 12:46:01,Michal Biesiada,
OG13146,2017 DE47,1,2017-01-27 12:45:36,Michal Biesiada,
OG13145,2017 BX7,1,2017-01-27 12:39:51,Michal Biesiada,
OG13144,,,1,2017-01-27 12:15:35,Michal Biesiada,
OG13143,2017 BF55,1,2017-01-27 12:11:37,Michal Biesiada,
OG13142,2013 CG130,1,2017-01-27 12:05:10,Michal Biesiada,
OG13141,2017 BN36,1,2017-01-27 11:54:17,Michal Biesiada,
OG13140,2017 BS36,1,2017-01-27 11:51:00,Michal Biesiada,
OG13139,,,1,2017-01-27 11:29:02,Michal Biesiada,
OG13138,2017 BJ36,1,2017-01-27 11:20:17,Michal Biesiada,
OG13137,2017 BC36,1,2017-01-27 11:04:26,Michal Biesiada,
OG13136,2017 BX35,1,2017-01-27 11:03:20,Michal Biesiada,
OG13135,2017 BW35,1,2017-01-27 10:53:49,Michal Biesiada,
OG13134,,,1,2017-01-27 10:27:59,Michal Biesiada,
OG13133,,,1,2017-01-27 10:25:03,Michal Biesiada,
OG13124,2017 BL36,1,2017-01-27 10:20:08,Michal Biesiada,
OG13112,,,1,2017-01-27 09:59:11,Michal Biesiada,
OG13111,2017 AX11,1,2017-01-27 09:41:03,Michal Biesiada,
OG13110,2017 BB36,1,2017-01-27 09:34:33,Michal Biesiada,
OG13109,2017 BO36,1,2017-01-27 09:30:28,Michal Biesiada,
OG13108,2017 BD36,1,2017-01-27 09:24:43,Michal Biesiada,
OG13107,2017 BA36,1,2017-01-27 09:05:21,Michal Biesiada,
OG13106,,,1,2017-01-27 08:57:36,Michal Biesiada,
OG13105,,,1,2017-01-27 00:07:27,Michal Biesiada,
OG13104,,,1,2017-01-27 00:06:34,Michal Biesiada,
OG13102,2017 BY35,1,2017-01-26 21:14:01,Michal Biesiada,
OG13101,2017 BV35,1,2017-01-26 21:10:44,Michal Biesiada,
OG13100,2017 BU35,1,2017-01-26 20:51:15,Michal Biesiada,
OG13099,2017 BS35,1,2017-01-26 20:29:33,Michal Biesiada,
OG13097,2017 BT35,1,2017-01-26 20:19:20,Michal Biesiada,
OG13094,2017 BU36,1,2017-01-26 20:00:18,Michal Biesiada,
OG13093,2017 BE36,1,2017-01-26 19:41:36,Michal Biesiada,
OG13092,,,1,2017-01-26 19:41:17,Michal Biesiada,
OG13091,2017 BZ35,1,2017-01-26 19:39:21,Michal Biesiada,
OG13090,2017 BQ35,1,2017-01-26 19:33:33,Michal Biesiada,
OG13089,2017 BV95,1,2017-01-26 19:04:39,Michal Biesiada,
OG13088,2015 TP250,1,2017-01-26 18:56:00,Michal Biesiada,
OG13087,2017 BO10,1,2017-01-26 18:51:23,Michal Biesiada,
OG13086,,,1,2017-01-26 18:44:09,Michal Biesiada,
OG13085,2017 BW51,1,2017-01-26 18:40:47,Michal Biesiada,
OG13084,2017 BT51,1,2017-01-26 18:40:32,Michal Biesiada,
OG13083,2017 BV51,1,2017-01-26 18:39:29,Michal Biesiada,
OG13082,,,1,2017-01-26 18:38:25,Michal Biesiada,
OG13081,2017 CY14,1,2017-01-26 18:37:28,Michal Biesiada,
OG13080,2017 CW16,1,2017-01-26 18:23:07,Michal Biesiada,
OG13079,2017 BH34,1,2017-01-26 18:22:34,Michal Biesiada,
OG13078,2017 BJ34,1,2017-01-26 18:22:17,Michal Biesiada,
OG13077,2017 BK51,1,2017-01-26 18:19:40,Michal Biesiada,
OG13076,2017 BK34,1,2017-01-26 18:19:25,Michal Biesiada,
OG13075,,,1,2017-01-26 18:15:38,Michal Biesiada,
OG13074,2017 BL34,1,2017-01-26 18:12:22,Michal Biesiada,
OG13073,,,1,2017-01-26 18:09:42,Michal Biesiada,
OG13071,,,1,2017-01-26 18:03:37,Michal Biesiada,
OG13056,2017 BV18,1,2017-01-26 17:30:45,Michal Biesiada,
OG13055,2017 BU34,1,2017-01-26 17:27:40,Michal Biesiada,
OG13054,2017 BS34,1,2017-01-26 17:25:42,Michal Biesiada,
OG13053,,,1,2017-01-26 17:25:03,Michal Biesiada,
OG13052,2017 BZ54,1,2017-01-26 17:10:54,Michal Biesiada,
OG13051,2014 SD351,1,2017-01-26 15:14:26,Michal Biesiada,
OG13050,2017 BC79,1,2017-01-26 15:13:45,Michal Biesiada,
OG13049,,,1,2017-01-26 15:07:02,Michal Biesiada,
OG13048,2017 BM34,1,2017-01-26 14:04:32,Michal Biesiada,
OG13047,,,1,2017-01-26 14:04:04,Michal Biesiada,
OG13046,2017 BS78,1,2017-01-26 13:47:25,Michal Biesiada,
OG13045,,,1,2017-01-26 13:41:19,Michal Biesiada,
OG13044,,,1,2017-01-26 12:26:27,Michal Biesiada,
OG13042,2017 BN78,1,2017-01-26 12:15:32,Michal Biesiada,
OG13041,,,1,2017-01-26 12:11:28,Michal Biesiada,
OG13040,,,1,2017-01-26 12:07:41,Michal Biesiada,
OG13039,2017 BO34,1,2017-01-26 12:01:58,Michal Biesiada,
OG13038,,,1,2017-01-26 12:01:08,Michal Biesiada,
OG13037,,,1,2017-01-26 12:00:12,Michal Biesiada,
OG13036,,,1,2017-01-26 10:32:53,Michal Biesiada,
OG13035,2017 BP10,1,2017-01-26 10:03:29,Michal Biesiada,
OG13034,,,1,2017-01-26 10:00:43,Michal Biesiada,
OG13033,2016 VY7,1,2017-01-26 09:52:00,Michal Biesiada,
OG13032,,,1,2017-01-26 09:50:31,Michal Biesiada,
OG13031,,,1,2017-01-26 09:46:28,Michal Biesiada,
OG13030,2017 BR34,1,2017-01-26 09:44:30,Michal Biesiada,
OG13029,,,1,2017-01-26 09:36:34,Michal Biesiada,
OG13025,2017 BN34,1,2017-01-25 21:57:22,Michal Biesiada,
OG13024,2017 BK78,1,2017-01-25 21:46:45,Michal Biesiada,
OG13023,,,1,2017-01-25 21:42:46,Michal Biesiada,
OG13022,2017 BR51,1,2017-01-25 21:39:43,Michal Biesiada,
OG13021,,,1,2017-01-25 20:58:33,Michal Biesiada,
OG13020,2017 BW53,1,2017-01-25 20:56:46,Michal Biesiada,
OG12992,,,1,2016-12-01 23:10:16,Michal Biesiada,
OG12989,,,1,2016-12-01 12:58:39,Michal Biesiada,
OG12988,2004 NZ33,1,2016-12-01 12:47:01,Michal Biesiada,
OG12987,,,1,2016-12-01 12:43:56,Michal Biesiada,
OG12986,,,1,2016-12-01 12:33:03,Michal Biesiada,
OG12985,,,1,2016-12-01 12:29:06,Michal Biesiada,
OG12984,,,1,2016-12-01 12:26:17,Michal Biesiada,
OG12983,2015 OX84,1,2016-12-01 12:02:41,Michal Biesiada,
OG12982,,,1,2016-12-01 12:02:14,Michal Biesiada,
OG12981,,,1,2016-12-01 12:01:42,Michal Biesiada,
OG12980,,,1,2016-12-01 11:56:57,Michal Biesiada,
OG12979,,,1,2016-12-01 11:55:33,Michal Biesiada,
OG12978,,,1,2016-12-01 11:18:05,Michal Biesiada,
OG12977,,,1,2016-12-01 10:46:03,Michal Biesiada,
OG12976,,,1,2016-12-01 10:34:20,Michal Biesiada,
OG12975,,,1,2016-11-30 22:36:23,Michal Biesiada,
OG12974,,,1,2016-11-30 22:33:00,Michal Biesiada,
OG12973,,,1,2016-11-30 22:28:04,Michal Biesiada,
OG12972,2012 KA53,1,2016-11-30 22:27:37,Michal Biesiada,
OG12971,,,1,2016-11-30 22:25:37,Michal Biesiada,
OG12970,,,1,2016-11-30 22:20:26,Michal Biesiada,
OG12969,,,1,2016-11-30 22:05:44,Michal Biesiada,
OG12968,,,1,2016-11-30 22:01:03,Michal Biesiada,
OG12966,,,1,2016-11-30 21:14:42,Michal Biesiada,
OG12965,,,1,2016-11-30 21:11:21,Michal Biesiada,
OG12964,,,1,2016-11-30 21:10:26,Michal Biesiada,
OG12963,,,1,2016-11-30 21:08:58,Michal Biesiada,
OG12962,,,1,2016-11-30 21:06:38,Michal Biesiada,
OG12954,,,1,2016-11-30 20:27:08,Michal Biesiada,
OG12947,,,1,2016-11-30 19:52:20,Michal Biesiada,
OG12946,,,1,2016-11-30 19:43:59,Michal Biesiada,
OG12945,,,1,2016-11-30 19:36:07,Michal Biesiada,
OG12944,,,1,2016-11-30 19:23:54,Michal Biesiada,
OG12943,,,1,2016-11-30 19:23:21,Michal Biesiada,
OG12942,,,1,2016-11-30 19:21:31,Michal Biesiada,
OG12941,2016 WY48,1,2016-11-30 19:17:57,Michal Biesiada,
OG12940,,,1,2016-11-30 19:13:46,Michal Biesiada,
OG12939,,,1,2016-11-30 19:10:34,Michal Biesiada,
OG12938,2016 WZ48,1,2016-11-30 19:06:20,Michal Biesiada,
OG12937,,,1,2016-11-30 19:05:48,Michal Biesiada,
OG12936,,,1,2016-11-30 19:05:08,Michal Biesiada,
OG12935,,,1,2016-11-30 19:00:46,Michal Biesiada,
OG12934,,,1,2016-11-30 18:39:10,Michal Biesiada,
OG12933,,,1,2016-11-30 18:38:33,Michal Biesiada,
OG12932,,,1,2016-11-30 18:38:06,Michal Biesiada,
OG12931,,,1,2016-11-30 18:36:26,Michal Biesiada,
OG12930,,,1,2016-11-30 18:34:22,Michal Biesiada,
OG12929,,,1,2016-11-30 18:32:12,Michal Biesiada,
OG12928,,,1,2016-11-30 18:29:17,Michal Biesiada,
OG12927,,,1,2016-11-30 18:24:52,Michal Biesiada,
OG12807,2016 WD40,1,2016-11-28 23:27:45,Michal Biesiada,
OG12799,,,1,2016-11-28 21:52:50,Michal Biesiada,
OG12749,,,1,2016-11-28 20:17:54,Michal Biesiada,
OG12728,,,1,2016-11-28 19:43:08,Michal Biesiada,
OG12726,,,1,2016-11-28 19:40:02,Michal Biesiada,
OG12723,,,1,2016-11-28 19:24:44,Michal Biesiada,
OG12714,,,1,2016-11-28 01:50:36,Michal Biesiada,
OG12713,,,1,2016-11-28 01:50:06,Michal Biesiada,
OG12712,2016 WF48,1,2016-11-28 01:44:54,Michal Biesiada,
OG12711,,,1,2016-11-28 01:41:58,Michal Biesiada,
OG12652,,,1,2016-09-05 13:18:36,Michal Biesiada,
OG12651,,,1,2016-09-05 13:11:50,Michal Biesiada,
OG12650,,,1,2016-09-04 22:42:01,Michal Biesiada,
OG12649,,,1,2016-09-04 22:17:03,Michal Biesiada,
OG12648,,,1,2016-09-04 22:02:16,Michal Biesiada,
OG12647,,,1,2016-09-04 21:58:43,Michal Biesiada,
OG12646,,,1,2016-09-04 21:56:41,Michal Biesiada,
OG12645,,,1,2016-09-04 21:36:42,Michal Biesiada,
OG12644,,,1,2016-09-04 21:33:32,Michal Biesiada,
OG12643,,,1,2016-09-04 21:28:21,Michal Biesiada,
OG12642,,,1,2016-09-04 21:19:53,Michal Biesiada,
OG12641,,,1,2016-09-04 20:59:21,Michal Biesiada,
OG12640,,,1,2016-09-03 19:46:03,Michal Biesiada,
OG12639,,,1,2016-09-03 19:42:12,Michal Biesiada,
OG12638,,,1,2016-09-03 19:40:12,Michal Biesiada,
OG12637,,,1,2016-09-03 19:38:10,Michal Biesiada,
OG12636,,,1,2016-09-03 19:15:25,Michal Biesiada,
OG12635,,,1,2016-09-03 19:12:18,Michal Biesiada,
OG12634,,,1,2016-09-03 19:08:40,Michal Biesiada,
OG12633,,,1,2016-09-03 19:02:20,Michal Biesiada,
OG12632,,,1,2016-09-03 18:56:56,Michal Biesiada,
OG12631,,,1,2016-09-03 18:54:55,Michal Biesiada,
OG12630,,,1,2016-09-03 18:51:13,Michal Biesiada,
OG12629,,,1,2016-09-03 18:45:03,Michal Biesiada,
OG12628,,,1,2016-09-03 18:38:23,Michal Biesiada,
OG12627,,,1,2016-09-03 18:35:41,Michal Biesiada,
OG12626,,,1,2016-09-03 18:28:16,Michal Biesiada,
OG12625,,,1,2016-09-03 18:26:15,Michal Biesiada,
OG12624,,,1,2016-09-03 18:16:40,Michal Biesiada,
OG12623,,,1,2016-09-03 17:36:48,Michal Biesiada,
OG12622,,,1,2016-07-20 17:02:17,Michal Biesiada,
OG12621,,,1,2016-07-20 16:14:15,Michal Biesiada,
OG12620,,,1,2016-07-20 14:23:07,Michal Biesiada,
OG12619,,,1,2016-07-20 12:27:12,Michal Biesiada,
OG12618,,,1,2016-07-20 12:15:57,Michal Biesiada,
OG12617,,,1,2016-07-20 12:07:42,Michal Biesiada,
OG12616,,,1,2016-07-20 11:41:16,Michal Biesiada,
OG12615,,,1,2016-07-20 11:38:37,Michal Biesiada,
OG12614,,,1,2016-07-20 11:31:17,Michal Biesiada,
OG12613,,,1,2016-07-20 10:29:44,Michal Biesiada,
OG12612,,,1,2016-07-20 10:19:14,Michal Biesiada,
OG12611,,,1,2016-07-19 22:31:11,Michal Biesiada,
OG12610,,,1,2016-07-19 22:27:44,Michal Biesiada,
OG12609,,,1,2016-07-19 22:21:02,Michal Biesiada,
OG12608,,,1,2016-07-17 18:53:30,Michal Biesiada,
OG12607,,,1,2016-07-17 18:51:30,Michal Biesiada,
OG12606,,,1,2016-07-17 18:36:53,Michal Biesiada,
OG12605,,,1,2016-07-17 18:08:01,Michal Biesiada,
OG12604,,,1,2016-07-17 18:00:26,Michal Biesiada,
OG12603,,,1,2016-07-17 17:55:40,Michal Biesiada,
OG12602,,,1,2016-07-17 17:53:26,Michal Biesiada,
OG12601,,,1,2016-07-17 17:46:00,Michal Biesiada,
OG12600,,,1,2016-07-17 17:40:54,Michal Biesiada,
OG12599,,,1,2016-07-17 17:37:16,Michal Biesiada,
OG12598,,,1,2016-07-17 17:35:19,Michal Biesiada,
OG12597,,,1,2016-07-17 17:25:58,Michal Biesiada,
OG12596,,,1,2016-07-17 17:25:17,Michal Biesiada,
OG12595,,,1,2016-07-17 17:24:18,Michal Biesiada,
OG12594,,,1,2016-07-17 17:20:10,Michal Biesiada,
OG12593,,,1,2016-07-17 17:09:50,Michal Biesiada,
OG12592,,,1,2016-07-17 17:09:21,Michal Biesiada,
OG12591,,,1,2016-07-17 17:08:32,Michal Biesiada,
OG12590,,,1,2016-07-17 17:06:00,Michal Biesiada,
OG12589,,,1,2016-07-17 17:04:52,Michal Biesiada,
OG12588,,,1,2016-07-17 16:56:43,Michal Biesiada,
OG12587,,,1,2016-07-17 16:52:25,Michal Biesiada,
OG12586,,,1,2016-07-17 16:47:26,Michal Biesiada,
OG12585,,,1,2016-07-17 16:41:50,Michal Biesiada,
OG12584,,,1,2016-07-17 16:28:43,Michal Biesiada,
OG12583,,,1,2016-07-17 16:27:57,Michal Biesiada,
OG12582,,,1,2016-07-17 16:27:27,Michal Biesiada,
OG12581,,,1,2016-07-17 16:18:27,Michal Biesiada,
OG12580,,,1,2016-07-17 16:14:46,Michal Biesiada,
OG12579,,,1,2016-07-17 16:12:46,Michal Biesiada,
OG12578,,,1,2016-07-17 16:12:19,Michal Biesiada,
OG12577,,,1,2016-07-17 16:09:10,Michal Biesiada,
OG12576,,,1,2016-07-17 16:08:49,Michal Biesiada,
OG12575,,,1,2016-07-17 14:59:46,Michal Biesiada,
OG12574,,,1,2016-07-17 14:57:49,Michal Biesiada,
OG12573,,,1,2016-07-17 14:57:09,Michal Biesiada,
OG12572,,,1,2016-07-17 14:47:04,Michal Biesiada,
OG12571,,,1,2016-07-17 14:19:13,Michal Biesiada,
OG12570,,,1,2016-07-17 14:17:06,Michal Biesiada,
OG12569,,,1,2016-07-17 14:13:31,Michal Biesiada,
OG12568,,,1,2016-07-17 13:58:55,Michal Biesiada,
OG12567,,,1,2016-07-17 13:09:14,Michal Biesiada,
OG12566,,,1,2016-07-17 13:00:40,Michal Biesiada,
OG12565,,,1,2016-07-17 13:00:15,Michal Biesiada,
OG12564,,,1,2016-07-17 12:59:45,Michal Biesiada,
OG12563,,,1,2016-07-17 12:55:29,Michal Biesiada,
OG12562,,,1,2016-07-17 12:44:49,Michal Biesiada,
OG12561,,,1,2016-07-17 12:44:14,Michal Biesiada,
OG12560,,,1,2016-07-17 12:44:00,Michal Biesiada,
OG12559,,,1,2016-07-17 12:40:43,Michal Biesiada,
OG12558,,,1,2016-07-17 12:32:20,Michal Biesiada,
OG12557,,,1,2016-07-17 12:25:10,Michal Biesiada,
OG12556,,,1,2016-07-17 12:23:35,Michal Biesiada,
OG12555,,,1,2016-07-17 12:08:07,Michal Biesiada,
OG12554,,,1,2016-07-17 11:56:39,Michal Biesiada,
OG12553,,,1,2016-07-17 11:53:40,Michal Biesiada,
OG12552,,,1,2016-07-17 11:33:20,Michal Biesiada,
OG12551,,,1,2016-07-17 09:49:28,Michal Biesiada,
OG12550,,,1,2016-07-17 09:47:42,Michal Biesiada,
OG12549,,,1,2016-07-17 09:45:42,Michal Biesiada,
OG12548,,,1,2016-07-17 09:40:09,Michal Biesiada,
OG12547,,,1,2016-07-17 09:33:56,Michal Biesiada,
OG12546,,,1,2016-07-17 09:20:23,Michal Biesiada,
OG12545,,,1,2016-07-16 23:05:12,Michal Biesiada,
OG12544,,,1,2016-07-16 22:31:37,Michal Biesiada,
OG12543,,,1,2016-07-16 22:30:35,Michal Biesiada,
OG12542,,,1,2016-07-16 22:11:27,Michal Biesiada,
OG12541,,,1,2016-07-16 22:09:29,Michal Biesiada,
OG12540,,,1,2016-07-16 22:07:37,Michal Biesiada,
OG12539,,,1,2016-07-16 22:07:03,Michal Biesiada,
OG12538,,,1,2016-07-16 22:02:45,Michal Biesiada,
OG12537,,,1,2016-07-16 22:01:10,Michal Biesiada,
OG12536,,,1,2016-07-16 21:54:43,Michal Biesiada,
OG12535,,,1,2016-07-16 21:32:28,Michal Biesiada,
OG12534,,,1,2016-07-16 21:28:17,Michal Biesiada,
OG12533,,,1,2016-07-16 21:26:58,Michal Biesiada,
OG12532,,,1,2016-07-16 21:23:49,Michal Biesiada,
OG12531,,,1,2016-07-16 21:13:39,Michal Biesiada,
OG12530,,,1,2016-07-16 21:13:12,Michal Biesiada,
OG12529,,,1,2016-07-16 21:10:26,Michal Biesiada,
OG12528,,,1,2016-07-16 21:09:07,Michal Biesiada,
OG12527,,,1,2016-07-16 21:06:06,Michal Biesiada,
OG12526,,,1,2016-07-16 21:05:34,Michal Biesiada,
OG12525,,,1,2016-07-16 20:55:50,Michal Biesiada,
OG12524,,,1,2016-07-16 20:45:06,Michal Biesiada,
OG12523,,,1,2016-07-16 20:44:37,Michal Biesiada,
OG12522,,,1,2016-07-16 20:37:21,Michal Biesiada,
OG12521,,,1,2016-07-16 20:36:07,Michal Biesiada,
OG12520,,,1,2016-07-16 20:33:21,Michal Biesiada,
OG12519,,,1,2016-07-16 20:19:36,Michal Biesiada,
OG12518,,,1,2016-07-16 20:19:10,Michal Biesiada,
OG12517,,,1,2016-07-16 20:12:22,Michal Biesiada,
OG12516,,,1,2016-07-16 20:07:22,Michal Biesiada,
OG12515,,,1,2016-07-16 20:04:07,Michal Biesiada,
OG12514,,,1,2016-07-16 20:03:50,Michal Biesiada,
OG12513,,,1,2016-07-16 20:01:13,Michal Biesiada,
OG12512,,,1,2016-07-16 20:00:58,Michal Biesiada,
OG12511,,,1,2016-07-16 19:57:32,Michal Biesiada,
OG12510,,,1,2016-07-16 19:56:44,Michal Biesiada,
OG12509,,,1,2016-07-16 19:56:13,Michal Biesiada,
OG12508,,,1,2016-07-16 19:54:52,Michal Biesiada,
OG12507,,,1,2016-07-16 19:54:18,Michal Biesiada,
OG12506,,,1,2016-07-16 19:46:28,Michal Biesiada,
OG12505,,,1,2016-07-16 19:39:46,Michal Biesiada,
OG12504,,,1,2016-07-16 19:39:28,Michal Biesiada,
OG12503,,,1,2016-07-16 19:36:09,Michal Biesiada,
OG12502,,,1,2016-07-16 19:33:54,Michal Biesiada,
OG12501,,,1,2016-07-16 19:32:43,Michal Biesiada,
OG12500,,,1,2016-07-16 19:22:43,Michal Biesiada,
OG12499,,,1,2016-07-16 19:01:03,Michal Biesiada,
OG12498,,,1,2016-07-16 19:00:37,Michal Biesiada,
OG12497,,,1,2016-07-16 19:00:23,Michal Biesiada,
OG12496,,,1,2016-07-16 18:28:26,Michal Biesiada,
OG12495,,,1,2016-07-16 18:10:05,Michal Biesiada,
OG12494,,,1,2016-07-16 18:08:40,Michal Biesiada,
OG12493,,,1,2016-07-16 17:57:28,Michal Biesiada,
OG12492,,,1,2016-07-16 17:45:29,Michal Biesiada,
OG12491,,,1,2016-07-16 17:37:34,Michal Biesiada,
OG12490,,,1,2016-07-16 17:24:04,Michal Biesiada,
OG12489,,,1,2016-07-16 17:19:32,Michal Biesiada,
OG12488,,,1,2016-07-16 17:16:46,Michal Biesiada,
OG12487,,,1,2016-07-16 17:16:02,Michal Biesiada,
OG12486,,,1,2016-07-16 17:10:21,Michal Biesiada,
OG12485,,,1,2016-07-16 16:58:12,Michal Biesiada,
OG12484,,,1,2016-07-16 16:52:57,Michal Biesiada,
OG12483,,,1,2016-07-16 16:51:18,Michal Biesiada,
OG12482,,,1,2016-07-16 16:50:50,Michal Biesiada,
OG12481,,,1,2016-07-16 16:42:05,Michal Biesiada,
OG12480,,,1,2016-07-16 16:37:07,Michal Biesiada,
OG12479,,,1,2016-07-16 16:36:29,Michal Biesiada,
OG12478,,,1,2016-07-16 16:08:09,Michal Biesiada,
OG12477,,,1,2016-07-16 15:44:34,Michal Biesiada,
OG12476,,,1,2016-07-16 15:38:24,Michal Biesiada,
OG12475,,,1,2016-07-16 15:37:17,Michal Biesiada,
OG12474,,,1,2016-07-16 15:03:44,Michal Biesiada,
OG12473,,,1,2016-07-16 14:44:15,Michal Biesiada,
OG12472,,,1,2016-07-16 14:39:42,Michal Biesiada,
OG12471,,,1,2016-07-16 12:28:40,Michal Biesiada,
OG12470,,,1,2016-07-16 12:25:18,Michal Biesiada,
OG12469,,,1,2016-07-16 11:33:52,Michal Biesiada,
OG12468,,,1,2016-07-16 11:30:26,Michal Biesiada,
OG12467,,,1,2016-07-16 11:20:03,Michal Biesiada,
OG12466,,,1,2016-07-16 11:19:06,Michal Biesiada,
OG12465,,,1,2016-07-16 11:14:50,Michal Biesiada,
OG12464,,,1,2016-07-16 11:13:04,Michal Biesiada,
OG12463,,,1,2016-07-16 11:08:07,Michal Biesiada,
OG12462,,,1,2016-07-16 10:44:45,Michal Biesiada,
OG12461,,,1,2016-07-16 10:38:01,Michal Biesiada,
OG12460,,,1,2016-07-16 10:35:01,Michal Biesiada,
OG12459,,,1,2016-07-16 10:27:50,Michal Biesiada,
OG12458,,,1,2016-07-16 10:25:41,Michal Biesiada,
OG12457,,,1,2016-07-16 10:24:43,Michal Biesiada,
OG12456,,,1,2016-07-16 10:22:14,Michal Biesiada,
OG12455,,,1,2016-07-16 10:12:32,Michal Biesiada,
OG12454,,,1,2016-07-16 10:09:31,Michal Biesiada,
OG12453,,,1,2016-07-16 05:06:29,Michal Biesiada,
OG12452,,,1,2016-07-16 05:05:55,Michal Biesiada,
OG12451,,,1,2016-07-16 05:02:38,Michal Biesiada,
OG12450,,,1,2016-07-16 05:00:16,Michal Biesiada,
OG12449,,,1,2016-07-16 04:55:23,Michal Biesiada,
OG12448,,,1,2016-07-16 04:49:32,Michal Biesiada,
OG12447,,,1,2016-07-16 04:47:52,Michal Biesiada,
OG12446,,,1,2016-07-16 04:46:55,Michal Biesiada,
OG12445,,,1,2016-07-16 04:42:19,Michal Biesiada,
OG12444,,,1,2016-07-16 04:16:43,Michal Biesiada,
OG12443,,,1,2016-07-16 03:56:37,Michal Biesiada,
OG12442,,,1,2016-07-16 03:31:22,Michal Biesiada,
OG12441,,,1,2016-07-15 00:33:26,Michal Biesiada,
OG12440,,,1,2016-07-15 00:24:32,Michal Biesiada,
OG12439,,,1,2016-07-15 00:11:05,Michal Biesiada,
OG12438,,,1,2016-07-14 22:15:34,Michal Biesiada,
OG12437,,,1,2016-07-14 17:02:50,Michal Biesiada,
OG12436,,,1,2016-07-14 16:57:57,Michal Biesiada,
OG12435,,,1,2016-07-14 16:54:39,Michal Biesiada,
OG12434,,,1,2016-07-14 16:19:23,Michal Biesiada,
OG12433,,,1,2016-07-14 16:17:44,Michal Biesiada,
OG12432,,,1,2016-07-14 16:07:25,Michal Biesiada,
OG12431,,,1,2016-07-14 16:04:42,Michal Biesiada,
OG12430,,,1,2016-07-14 16:02:53,Michal Biesiada,
OG12429,,,1,2016-07-14 16:00:19,Michal Biesiada,
OG12428,,,1,2016-07-14 15:41:08,Michal Biesiada,
OG12427,,,1,2016-07-14 15:40:25,Michal Biesiada,
OG12426,,,1,2016-07-14 15:35:30,Michal Biesiada,
OG12425,,,1,2016-07-14 15:23:43,Michal Biesiada,
OG12424,,,1,2016-07-14 15:22:53,Michal Biesiada,
OG12423,,,1,2016-07-14 15:12:56,Michal Biesiada,
OG12422,,,1,2016-07-14 15:11:54,Michal Biesiada,
OG12421,,,1,2016-07-14 14:50:18,Michal Biesiada,
OG12420,,,1,2016-07-14 14:35:41,Michal Biesiada,
OG12419,,,1,2016-07-14 14:08:40,Michal Biesiada,
OG12418,,,1,2016-07-14 14:02:36,Michal Biesiada,
OG12417,,,1,2016-07-14 13:36:19,Michal Biesiada,
OG12416,,,1,2016-07-14 13:34:18,Michal Biesiada,
OG12415,,,1,2016-07-14 13:24:36,Michal Biesiada,
OG12414,,,1,2016-07-14 13:14:50,Michal Biesiada,
OG12413,,,1,2016-07-14 13:08:16,Michal Biesiada,
OG12412,,,1,2016-07-14 13:05:55,Michal Biesiada,
OG12411,,,1,2016-07-14 13:03:10,Michal Biesiada,
OG12410,,,1,2016-07-14 12:54:25,Michal Biesiada,
OG12409,,,1,2016-07-14 12:51:22,Michal Biesiada,
OG12408,,,1,2016-07-14 12:49:49,Michal Biesiada,
OG12407,,,1,2016-07-14 12:45:35,Michal Biesiada,
OG12406,,,1,2016-07-14 12:40:37,Michal Biesiada,
OG12405,,,1,2016-07-14 12:39:51,Michal Biesiada,
OG12404,,,1,2016-07-14 12:38:43,Michal Biesiada,
OG12403,,,1,2016-07-14 12:30:23,Michal Biesiada,
OG12402,,,1,2016-07-14 12:20:17,Michal Biesiada,
OG12401,,,1,2016-07-14 12:11:55,Michal Biesiada,
OG12400,,,1,2016-07-14 11:54:18,Michal Biesiada,
OG12399,,,1,2016-07-14 11:47:52,Michal Biesiada,
OG12398,,,1,2016-07-14 11:42:51,Michal Biesiada,
OG12397,,,1,2016-07-14 11:15:15,Michal Biesiada,
OG12396,,,1,2016-07-14 05:32:02,Michal Biesiada,
OG12395,,,1,2016-07-14 05:24:53,Michal Biesiada,
OG12394,,,1,2016-07-14 05:03:14,Michal Biesiada,
OG12393,,,1,2016-07-14 04:45:40,Michal Biesiada,
OG12392,,,1,2016-07-14 04:44:20,Michal Biesiada,
OG12391,,,1,2016-07-14 04:16:50,Michal Biesiada,
OG12390,,,1,2016-07-14 04:09:14,Michal Biesiada,
OG12389,,,1,2016-07-14 03:45:06,Michal Biesiada,
OG12388,,,1,2016-07-14 03:42:49,Michal Biesiada,
OG12387,,,1,2016-07-14 03:13:06,Michal Biesiada,
OG12386,,,1,2016-07-14 03:04:48,Michal Biesiada,
OG12385,,,1,2016-07-14 02:54:50,Michal Biesiada,
OG12384,,,1,2016-07-13 01:25:38,Michal Biesiada,
OG12383,,,1,2016-07-12 21:50:37,Michal Biesiada,
OG12382,,,1,2016-07-12 12:41:24,Michal Biesiada,
OG12381,,,1,2016-07-12 11:40:36,Michal Biesiada,
OG12380,,,1,2016-07-12 11:04:03,Michal Biesiada,
OG12379,,,1,2016-07-12 11:01:38,Michal Biesiada,
OG12378,,,1,2016-07-12 09:56:19,Michal Biesiada,
OG12377,,,1,2016-07-08 19:42:25,Michal Biesiada,
OG12376,,,1,2016-07-08 19:28:54,Michal Biesiada,
OG12364,,,1,2016-07-06 01:59:09,Michal Biesiada,
OG12363,2012 HF61,1,2016-07-06 01:58:40,Michal Biesiada,
OG12362,2006 SY423,1,2016-07-06 01:47:41,Michal Biesiada,
OG12361,2016 NB18,1,2016-07-06 01:47:07,Michal Biesiada,
OG12360,,,1,2016-07-06 01:44:32,Michal Biesiada,
OG12359,2016 NA18,1,2016-07-06 01:43:05,Michal Biesiada,
OG12358,,,1,2016-07-06 01:42:12,Michal Biesiada,
OG12357,,,1,2016-07-06 01:29:45,Michal Biesiada,
OG12356,,,1,2016-07-06 01:15:37,Michal Biesiada,
OG12355,,,1,2016-07-06 01:11:23,Michal Biesiada,
OG12354,2017 XW57,1,2016-07-06 01:08:58,Michal Biesiada,
OG12353,,,1,2016-07-06 01:05:16,Michal Biesiada,
OG12352,,,1,2016-07-06 01:04:58,Michal Biesiada,
OG12351,,,1,2016-07-06 01:04:37,Michal Biesiada,
OG12350,2017 VR7,1,2016-07-06 00:47:30,Michal Biesiada,
OG12349,,,1,2016-07-06 00:44:42,Michal Biesiada,
OG12347,,,1,2016-07-06 00:38:54,Michal Biesiada,
OG12346,,,1,2016-07-06 00:35:11,Michal Biesiada,
OG12345,,,1,2016-07-06 00:31:14,Michal Biesiada,
OG12344,2015 BM252,1,2016-07-06 00:24:17,Michal Biesiada,
OG12343,,,1,2016-07-06 00:10:29,Michal Biesiada,
OG12342,,,1,2016-07-05 23:58:31,Michal Biesiada,
OG12341,,,1,2016-07-05 23:52:17,Michal Biesiada,
OG12339,,,1,2016-07-05 22:58:56,Michal Biesiada,
OG12338,,,1,2016-07-05 22:45:11,Michal Biesiada,
OG12337,,,1,2016-07-05 22:11:00,Michal Biesiada,
OG12306,,,1,2016-07-05 14:50:28,Michal Biesiada,
OG12305,2016 PP77,1,2016-07-05 14:47:54,Michal Biesiada,
OG12301,2016 LL52,1,2016-07-05 13:14:54,Michal Biesiada,
OG12289,,,1,2016-07-04 17:56:49,Michal Biesiada,
OG12288,2006 SL424,1,2016-07-04 17:53:44,Michal Biesiada,
OG12285,,,1,2016-07-04 12:33:27,Michal Biesiada,
OG12284,,,1,2016-07-04 12:13:30,Michal Biesiada,
OG12283,2016 NV14,1,2016-07-04 12:03:58,Michal Biesiada,
OG12282,,,1,2016-07-04 11:55:49,Michal Biesiada,
OG12280,,,1,2016-07-04 11:15:58,Michal Biesiada,
OG12279,,,1,2016-07-04 10:38:55,Michal Biesiada,
OG12278,,,1,2016-07-04 10:37:51,Michal Biesiada,
OG12254,,,1,2016-07-02 21:18:39,Michal Biesiada,
OG12253,,,1,2016-07-02 20:52:21,Michal Biesiada,
OG12208,2016 LN30,1,2016-06-05 09:46:53,Michal Biesiada,
